  0.41375518560175684     
  0.72246040608039475     
  0.78239580533266240     
  0.80312634504282354     
  0.76299600522216471     
  0.70639394889837015     
  0.62841384657879962     
  0.63756640265539188     
  0.67457211556196783     
  0.68691855044140060     
  0.66385364378091016     
  0.71193479913660473     
  0.74898842470109339     
  0.74079728792914135     
  0.76431367877972356     
  0.87905314399794932     
  0.73716105854361313     
  0.62891802982697420     
  0.66796409780194632     
  0.68318625963415658     
  0.65612894468794269     
  0.77386911167991945     
  0.75103434877698716     
  0.70091439222343099     
  0.68237477535622171     
  0.67671623872658593     
  0.71061181947258445     
  0.67256204131204134     
  0.66232688442478682     
  0.65748278647111280     
  0.65087481701963856     
  0.65444399043601731     
  0.64421242268071000     
  0.67245764833779220     
  0.64279609692829798     
  0.67304752889053410     
  0.67504465528648872     
  0.67542993472225077     
  0.67541391731997280     
  0.65809328210498719     
  0.69414320187993994     
  0.69366985505572587     
  0.70657145870442062     
  0.68941781116281597     
  0.76438189006070412     
  0.66560987708334762     
  0.69783121954998106     
  0.68831675018618554     
  0.66919984737087779     
  0.68588894805805578     
  0.68509101971651154     
  0.65729036745098046     
  0.67128115206800854     
  0.64873412023484678     
  0.66342662891742110     
  0.67709308192679052     
  0.65657173051224538     
  0.68049494511643460     
  0.66917582215329530     
  0.66466057568502868     
  0.68204298964494492     
  0.68556500242837481     
  0.69757164552632833     
  0.69622059402947689     
  0.72336294075745866     
  0.68448554474234413     
  0.73167309732364705     
  0.66915900928449557     
  0.67661903681749214     
  0.67366941338704922     
  0.66840297620706002     
  0.66795301648021044     
  0.66156066075115749     
  0.66124454375825037     
  0.66905609944199029     
  0.65953910321971776     
  0.64864030646210624     
  0.66988318588928608     
  0.67021632576168133     
  0.66477930780544447     
  0.66570307131232520     
  0.67180760440203002     
  0.68910195377136874     
  0.67691396719995356     
  0.71911137423631655     
  0.70176459714505357     
  0.70843242247027782     
  0.68356548253008986     
  0.77935226340027575     
  0.70438504882055075     
  0.68766443642801522     
  0.68974059840971913     
  0.69742340914145562     
  0.65602143594031137     
  0.66252009581360316     
  0.65764735793647933     
  0.67144681913877369     
  0.65183865040569311     
  0.65926529027445258     
  0.67119640547571702     
  0.66746229415795144     
  0.69065729306134527     
  0.69957290474043454     
  0.68944714793854589     
  0.68421229844631559     
  0.69985546154708766     
  0.66503832784928618     
  0.66292931694707991     
  0.67075890061312471     
  0.67153983774083026     
  0.77538674728589163     
  0.69264070812354150     
  0.67611676508050966     
  0.68561135944744322     
  0.67118099775228146     
  0.66908777267472197     
  0.64932475239376852     
  0.62981802696117473     
  0.67188478500690041     
  0.65483933479603218     
  0.69730005974413700     
  0.69007561789404204     
  0.70570574006085307     
  0.70143553849578721     
  0.69657113124870207     
  0.67665817604301048     
  0.67165070061175525     
  0.67591971251801619     
  0.64464490475669300     
  0.65580582412635435     
  0.65666733750463835     
  0.63437415976704348     
  0.84622802797733609     
  0.64404871967265120     
  0.68401433263573186     
  0.68529966306594070     
  0.65801674405525945     
  0.69389991334157086     
  0.66060467802081801     
  0.64305506277959756     
  0.64794782622333591     
  0.66279318621750971     
  0.66471217194789045     
  0.65775795817620175     
  0.68953152630416070     
  0.66706979811390721     
  0.66415975759889678     
  0.64899995269990396     
  0.65936199224896730     
  0.67560284591684228     
  0.66346078935744723     
  0.62661208191655449     
  0.63973858387439497     
  0.65530535183459904     
  0.84734523391194871     
  0.63966794083980172     
  0.65705833623513998     
  0.66446378224797620     
  0.67762449512869494     
  0.67603762234959142     
  0.64845658895203095     
  0.65850737866629683     
  0.64807418296536334     
  0.64409305529181915     
  0.66409089923174491     
  0.66985925318743500     
  0.65493765610667154     
  0.63995341868541311     
  0.65735250861277517     
  0.64099902506714290     
  0.67047347057090678     
  0.68252405445363062     
  0.65912177533713601     
  0.63285189432455735     
  0.66221268343966655     
  0.65151100938013373     
  0.79140669267932007     
  0.65711821030759188     
  0.68050720825540145     
  0.66332988204680232     
  0.68958629606801991     
  0.66437648528752657     
  0.69779039693706979     
  0.69154916853344772     
  0.67066025013372454     
  0.68192521712760457     
  0.66110495352010323     
  0.66007841021312974     
  0.64667857090673520     
  0.68186854572584144     
  0.65685481315664096     
  0.65463169725409620     
  0.65385216531560564     
  0.66258194127768077     
  0.63907294225917166     
  0.63437915795111843     
  0.64740815315942357     
  0.65928240418045125     
  0.73204559686052761     
  0.69161107099316232     
  0.67887176352174672     
  0.66361092091853013     
  0.68807336872208891     
  0.67182046284206476     
  0.66533473974365043     
  0.67514118318104688     
  0.65111644360905008     
  0.67995842055068934     
  0.67572492636281545     
  0.67302733560485872     
  0.64870772550150635     
  0.66794466609409486     
  0.66247280699333544     
  0.66893241444745100     
  0.64534393627144182     
  0.63719848133184531     
  0.64752454618355770     
  0.64639152569180480     
  0.66459045094942404     
  0.65040943383005523     
  0.77559862109141742     
  0.63915223731569437     
  0.68400657569646506     
  0.67305521893195819     
  0.66848594092001901     
  0.66989011103157237     
  0.65690704658708776     
  0.69498608669828921     
  0.70179555209891487     
  0.69796495661328484     
  0.68455210432725477     
  0.68457287858417371     
  0.67036329477659551     
  0.69008885312652990     
  0.64804744424290317     
  0.66352027665477420     
  0.66176673479492854     
  0.65472534817580530     
  0.66348851835844358     
  0.62381299289992931     
  0.65287706002763890     
  0.60990369934778088     
  0.69455589080855695     
  0.66347246258819403     
  0.70634056336718942     
  0.69687774078557130     
  0.65966451345601063     
  0.68299428272420315     
  0.67423012676807814     
  0.66338051901602735     
  0.68269621750738940     
  0.66496552731529435     
  0.65561828402053490     
  0.69684919733417250     
  0.65976078032333030     
  0.67382148017760013     
  0.67829606922556385     
  0.67479734216459963     
  0.66486415728259962     
  0.67142067976775766     
  0.65902278071086773     
  0.64874423309453288     
  0.65683910327163586     
  0.62181580584504104     
  0.67873580927592914     
  0.65560327416919673     
  0.68104748181614805     
  0.68069263361644816     
  0.67905983987264773     
  0.67873545922725709     
  0.67520051912746859     
  0.69760762727752779     
  0.66659331553096202     
  0.66718580057271726     
  0.67123262066027356     
  0.67056919620746569     
  0.68192570412801257     
  0.66533057330819789     
  0.65378808026218116     
  0.64392827988457102     
  0.65126903702079131     
  0.67002160757535900     
  0.64149153223585853     
  0.66009120412388012     
  0.65076723485111676     
  0.67458675181487771     
  0.80379706966786402     
  0.69290093731206648     
  0.68694133032510818     
  0.67587016029195823     
  0.68989350478966671     
  0.67796829936915037     
  0.66460601892183968     
  0.68285842672557928     
  0.66641278897995715     
  0.67427481004281820     
  0.67966499164822891     
  0.68203699229891590     
  0.69842243637792856     
  0.67657116351618973     
  0.66106636928188622     
  0.66632909429230813     
  0.64869867541914095     
  0.65497693493166598     
  0.66915827929396010     
  0.68594274976336134     
  0.65878106592362484     
  0.65572233704986704     
  0.73730236656244286     
  0.66981146828211269     
  0.68631607574514397     
  0.68719399709893625     
  0.69897245632190397     
  0.69198842134681038     
  0.70150351217758711     
  0.69869612688750582     
  0.68147840127286563     
  0.66530511275714843     
  0.65480754497955485     
  0.65638051686825927     
  0.64956989984685021     
  0.65725857890090955     
  0.65367736737269966     
  0.65856780163694195     
  0.66879136664591821     
  0.66796699939012327     
  0.66290610134343697     
  0.68024736618298431     
  0.66796497189883974     
  0.65441626131856889     
  0.67240411091045826     
  0.68333090627728221     
  0.71224301919313660     
  0.71196907204102233     
  0.67537331812961088     
  0.69393068231779187     
  0.69720396133138918     
  0.68862606171284235     
  0.66571474548760912     
  0.65721066845220388     
  0.67681768467330494     
  0.65564746926758088     
  0.66242080643570433     
  0.66282944290053269     
  0.65020614633713858     
  0.64400033536443713     
  0.65479017736389500     
  0.64329364434555614     
  0.65900331186176497     
  0.66660978441059149     
  0.66864513630088729     
  0.66375721031239687     
  0.69876452536748412     
  0.67765290876450501     
  0.67389231776394487     
  0.69066058354343240     
  0.68863281171380708     
  0.68837524764047986     
  0.70253765562841441     
  0.68546849112614283     
  0.70609909284921446     
  0.71239537364976568     
  0.67271832688103239     
  0.66677711518519289     
  0.66543629467532650     
  0.68617254696470875     
  0.67463125533351875     
  0.65893905480653348     
  0.65897571275540201     
  0.66489955129456935     
  0.67117711910299582     
  0.65677895972130351     
  0.67661590559574525     
  0.69613655046065559     
  0.70571573162129864     
  0.68545858854759112     
  0.67531473872263881     
  0.67794678836826217     
  0.69407242009460146     
  0.68240428913705853     
  0.69627144187250167     
  0.70531804904004380     
  0.68738975095518617     
  0.68782849180769823     
  0.67128254360622219     
  0.68222671531961410     
  0.66727635140939501     
  0.65528711772848569     
  0.68473294681025887     
  0.66359780795351864     
  0.65397928602935118     
  0.68313564976160746     
  0.68760602923560366     
  0.67856375475027819     
  0.67303384982950376     
  0.68404469875939111     
  0.62941327811924319     
  0.68138351526853946     
  0.69047075328416407     
  0.68593387454437493     
  0.66034369865285070     
  0.71809634348770757     
  0.72100899439406096     
  0.72174789342331824     
  0.68849018908164150     
  0.69125764287990676     
  0.69550560068753287     
  0.68795725224443272     
  0.70556907748507713     
  0.71652977682842101     
  0.67339708951722932     
  0.66597096610426232     
  0.67247007860901009     
  0.67378390174325675     
  0.66936601365429260     
  0.67682154924256166     
  0.68050759875853262     
  0.69748102417297830     
  0.68784185700733869     
  0.68406115870014372     
  0.67860393207637792     
  0.69495026298294404     
  0.68778374793710639     
  0.70953774462231745     
  0.71090409699406221     
  0.70715096328118132     
  0.71839811822422317     
  0.71155506570260274     
  0.71393380554662111     
  0.68126182023434223     
  0.67583266218261673     
  0.68403831914628732     
  0.65857485394690674     
  0.64870859316817631     
  0.66318370969316032     
  0.68995316274760987     
  0.65566374852253917     
  0.66003288351448552     
  0.67040015756165450     
  0.70292694038758419     
  0.71986431430121212     
  0.71553302057288559     
  0.71540816830154930     
  0.68742408815712885     
  0.72157301532239715     
  0.71714854668945605     
  0.69132323117968875     
  0.70409489270304459     
  0.70053311478438340     
  0.69153441017405648     
  0.70823242207063308     
  0.70623695930183394     
  0.67400283688423668     
  0.69080052040583684     
  0.71333400988307882     
  0.71317608725154524     
  0.72194134771109353     
  0.70367992693464243     
  0.69804993594730580     
  0.69060747584933690     
  0.70934414217496378     
  0.70523278386274268     
  0.88511613990319726     
  0.71907053509718810     
  0.69825063111670904     
  0.69865685360966701     
  0.70941428218711822     
  0.72272412189642443     
  0.68893798880381851     
  0.68590579405408925     
  0.68405348987223347     
  0.68755011130721788     
  0.72339956606352451     
  0.70605722240316393     
  0.70058309523456164     
  0.65528446755295688     
  0.67994198235649561     
  0.70234671434467355     
  0.72748333188739955     
  0.72198317038082360     
  0.72036958677567664     
  0.70926398402638913     
  0.71812414727312734     
  0.69585403045654282     
  0.42347057337499094     
  0.73335369984545995     
  0.77573618530011978     
  0.79035569425510921     
  0.75952547054804020     
  0.70519436599006280     
  0.63802732875433310     
  0.64626413818390271     
  0.68108827975582675     
  0.68207118805140188     
  0.66864681159649808     
  0.71370969309696219     
  0.74332624912630441     
  0.73752524385976537     
  0.76566769274453828     
  0.84984366649318155     
  0.73818809067634950     
  0.64281341283791360     
  0.66800028924891663     
  0.68222195552156117     
  0.66284736563075364     
  0.77569273012975115     
  0.75692883756508178     
  0.67471841618634032     
  0.70148592510132235     
  0.66543486071423275     
  0.69132193368768524     
  0.68151373373180069     
  0.62999553416030019     
  0.67466835127942115     
  0.69157948549437587     
  0.61844268731695839     
  0.63581269047826106     
  0.66938053667031494     
  0.65948654666814166     
  0.68932232775700741     
  0.67305877389499902     
  0.68284533012189486     
  0.66120995653046821     
  0.68013779803995600     
  0.67268396214051207     
  0.69437911976564548     
  0.70168790684160443     
  0.69827430341222796     
  0.76681382786707664     
  0.70460728683951135     
  0.68180276053556799     
  0.63629217482224842     
  0.65187959838365073     
  0.68756916284113467     
  0.62758716067331932     
  0.69284784732579496     
  0.70039933259125842     
  0.62055340839848727     
  0.65445774574250093     
  0.69068392217786612     
  0.66471191914115391     
  0.67056436670526220     
  0.66797714911884731     
  0.64525097690311195     
  0.66037147338362534     
  0.65735991442459540     
  0.68845911964159989     
  0.71950068954861368     
  0.68263409944900100     
  0.74429230829551174     
  0.74120222439613725     
  0.66199874798611635     
  0.70022578614306519     
  0.68406742108758545     
  0.64985693318684390     
  0.69433403397274562     
  0.65484101391949667     
  0.69228119600104765     
  0.67640642342561763     
  0.64124903621346208     
  0.66029574099675437     
  0.62731904156157636     
  0.66768291273853808     
  0.65359206117251356     
  0.70915266081958583     
  0.64296786497509284     
  0.66692614702703079     
  0.74177777237928655     
  0.70227975076866089     
  0.66637702119636388     
  0.71124500781271149     
  0.63698220611740985     
  0.77685096912685536     
  0.71975743973741613     
  0.67353326474528985     
  0.67356405939292752     
  0.66659308603486955     
  0.67138532974933529     
  0.63189827609774740     
  0.63864837106732109     
  0.66706836268879954     
  0.65381399360665859     
  0.67918597529463809     
  0.65973357373155372     
  0.69179552849501591     
  0.64870994538084081     
  0.69894303357690013     
  0.68201676879712192     
  0.66666716296762296     
  0.70486750685451027     
  0.64825269903643479     
  0.66312481271153667     
  0.68860604941599413     
  0.64688402791561450     
  0.78017821123460929     
  0.63097343766364844     
  0.67794178237700753     
  0.69617072129716062     
  0.66100656154469073     
  0.68694600338791934     
  0.65572092091268719     
  0.70220562846642309     
  0.62022284220967094     
  0.69233545374151073     
  0.67426742879703228     
  0.64305572978571579     
  0.67956154139129776     
  0.65493498389057636     
  0.65353577864456724     
  0.68197975554576240     
  0.65193246089924128     
  0.68062167965366471     
  0.65801502375442289     
  0.67186467077892842     
  0.66683378229588752     
  0.65543448061893317     
  0.83590686459420271     
  0.66516008693613415     
  0.68484950333784300     
  0.69144608833909094     
  0.66361741340021507     
  0.66555962590744766     
  0.64851532939214163     
  0.67850007908989585     
  0.66895082461166833     
  0.65924006029601390     
  0.66268785100881933     
  0.66594258476184387     
  0.69451493616274340     
  0.66152165250902173     
  0.64207788132759447     
  0.72298539982963528     
  0.64658642647329900     
  0.66506893702147130     
  0.62751269915778818     
  0.70609041745173617     
  0.64767782297602594     
  0.62891116847432516     
  0.83604654437177806     
  0.66233209850599062     
  0.62652883889284017     
  0.67651341927811459     
  0.69016796538045344     
  0.64423936971063944     
  0.66301039303194409     
  0.68492031716029322     
  0.68783653864877192     
  0.70572834586471134     
  0.69414804630269134     
  0.74190953485462396     
  0.70940745474234645     
  0.70708543747934949     
  0.66139540355841497     
  0.63892689637698119     
  0.62981748213004174     
  0.65734964300920740     
  0.65577258054565157     
  0.67019762172898245     
  0.64385829191406152     
  0.67708118360600023     
  0.78873982726229652     
  0.66868131134537567     
  0.66113654284811563     
  0.68073927775165544     
  0.69582381992397624     
  0.68627017746396346     
  0.67277426964381659     
  0.66828364362705039     
  0.67434098220406258     
  0.70336063479814670     
  0.68708473333947950     
  0.72934625614890969     
  0.75740949162204863     
  0.67743844927224139     
  0.67598115241339940     
  0.65167660048124953     
  0.65814547538709567     
  0.62400466674382604     
  0.65475597456169643     
  0.61565820794652948     
  0.64726460203833280     
  0.63789787576759582     
  0.74227623757379146     
  0.67221802660728169     
  0.69702616701263209     
  0.67095905018378743     
  0.63874204622418240     
  0.64012792714721345     
  0.68997538151883775     
  0.69302070825740736     
  0.68389791721073978     
  0.73276088772952863     
  0.67136293698981186     
  0.70301081394049647     
  0.67632049615542955     
  0.65758508687599049     
  0.66639573136420116     
  0.65711607543607453     
  0.67667572199827675     
  0.67517068584519579     
  0.64041138858045066     
  0.63793062296635283     
  0.64095287273049462     
  0.66782858993068783     
  0.76496216586160348     
  0.69900110337088550     
  0.70472859662633414     
  0.69066990099960535     
  0.65494135331799930     
  0.63783696778442467     
  0.66830642465230561     
  0.69793449167264643     
  0.70503390136356925     
  0.67058385079626037     
  0.67980033823489028     
  0.68732507329817261     
  0.65357483828336616     
  0.64887479920096425     
  0.66599394455176675     
  0.68496534910970075     
  0.65651425192832280     
  0.67968694242768590     
  0.67623317389991744     
  0.64023170752812408     
  0.60785328003026473     
  0.62303038887271844     
  0.70215576635318788     
  0.63068276984745142     
  0.65893150273264345     
  0.65162639268019951     
  0.69256004163576568     
  0.68499813589027825     
  0.63061574781824026     
  0.67738432150114214     
  0.64845405712432214     
  0.66201764282581899     
  0.65270094329863693     
  0.65719312106171057     
  0.69054657606283776     
  0.63804832265353773     
  0.63858497917064938     
  0.65657480882400365     
  0.62467322835668615     
  0.65120202090256496     
  0.65606935834843150     
  0.66856483386177190     
  0.65241544424283604     
  0.65819225574109541     
  0.69017192344912248     
  0.68261234900205170     
  0.67487989386367264     
  0.67892092171940110     
  0.68642534710877756     
  0.68305236036582295     
  0.65423891111683163     
  0.65943372461823346     
  0.65263479580528927     
  0.67298546578581941     
  0.66798605061121719     
  0.68922328362543073     
  0.66417113454586552     
  0.65752682687374298     
  0.65351457569269888     
  0.65223493276117395     
  0.63191777773384483     
  0.64111844558511955     
  0.65810658368324260     
  0.64061655461337674     
  0.65034114594740189     
  0.60605000272844556     
  0.78661940190879920     
  0.66059785827361150     
  0.68047462561067640     
  0.69581731472834951     
  0.67669120457244669     
  0.67956942681526256     
  0.67924301472691184     
  0.70780352470790286     
  0.65825320503747264     
  0.68118124383583134     
  0.67687739014425308     
  0.64626996683338478     
  0.65976361877214029     
  0.69558606205911555     
  0.65688789740082987     
  0.66165877508592452     
  0.70107291528683391     
  0.67376072955400301     
  0.65615028474538317     
  0.65716181027521914     
  0.69277948137824796     
  0.68399760784592478     
  0.74044666861374075     
  0.71416313322822456     
  0.69238147155712604     
  0.68819987843831698     
  0.67715733227542818     
  0.66966559090087840     
  0.70203190337804888     
  0.70607420096121531     
  0.68988481074614805     
  0.66245013326626390     
  0.66367356967196223     
  0.66584746045194054     
  0.67228756569572445     
  0.66191975559941862     
  0.67474464899990072     
  0.64058580656007091     
  0.66251712728321954     
  0.66032527895187154     
  0.66955222831972394     
  0.66725949070040425     
  0.66614718857964661     
  0.69053614336656710     
  0.68141421781466349     
  0.63590967912359697     
  0.68436470527887061     
  0.68858908560203436     
  0.71916620919043650     
  0.69374594509440601     
  0.69510108116844116     
  0.66597716818629549     
  0.71660549323389533     
  0.69172729043750070     
  0.66470795729124810     
  0.67571085067665682     
  0.70092460029035053     
  0.64293311739343284     
  0.65453753311633733     
  0.62328427076844517     
  0.64486462735043715     
  0.66506048991210276     
  0.65928481542747097     
  0.67172841748903711     
  0.67751427814434773     
  0.64923888564307486     
  0.69896992823377335     
  0.65951383963284238     
  0.70602021725613717     
  0.67121327759245575     
  0.69859214232968891     
  0.70750651983151647     
  0.69880813947836029     
  0.68286564496529001     
  0.68355124740509787     
  0.71655871204543842     
  0.69115797958131775     
  0.66043877626344039     
  0.64780679231818228     
  0.66827083598288994     
  0.65834888336263253     
  0.65944679299403386     
  0.69625316220070188     
  0.64361281755528332     
  0.64294888213115342     
  0.71333737996618651     
  0.68248445692222937     
  0.66386019819992315     
  0.69971653623753116     
  0.69553587729620614     
  0.70470089919436663     
  0.66421094400562375     
  0.66292937635650873     
  0.69638429454284290     
  0.70295440306918855     
  0.68692870949331475     
  0.69995609268420222     
  0.70066675517403443     
  0.73342070370238321     
  0.62410955904633081     
  0.67243469130089784     
  0.72714001096530489     
  0.67904247633680770     
  0.65958529721910508     
  0.63410480183045548     
  0.64395087233666803     
  0.65393201171412596     
  0.66580163041949680     
  0.68693844300185747     
  0.71061840899978235     
  0.64197366289971658     
  0.65749617078858347     
  0.68840874500650662     
  0.68352191947779795     
  0.71452454740014004     
  0.69493984102144368     
  0.67928438638903177     
  0.71828242825016797     
  0.72310185524248471     
  0.71708731395122893     
  0.70402130774218763     
  0.65912132494328157     
  0.64403448329383772     
  0.66123963477651826     
  0.67536141487676449     
  0.66284848143513819     
  0.65361178702081046     
  0.65248685257656724     
  0.68065795163559428     
  0.59058532760154903     
  0.67283135688423690     
  0.71036505597745336     
  0.68915394470231872     
  0.72082384484672513     
  0.68868522209648575     
  0.68181457548951574     
  0.65137022459097904     
  0.67674553962283202     
  0.71424697272490389     
  0.73879775757828792     
  0.66103109914482960     
  0.70391965965526415     
  0.73603455493180281     
  0.67329171820954958     
  0.69879129244229510     
  0.72130367795199168     
  0.72692007659382529     
  0.68214622058735630     
  0.69195301213500982     
  0.66948252898971061     
  0.69504051871301986     
  0.71196484587318487     
  0.66416665797441599     
  0.68339988437794463     
  0.71544443234111554     
  0.72185108161662226     
  0.68758330015203473     
  0.72659225326595589     
  0.68519638758789336     
  0.70591405851710676     
  0.71075407459332907     
  0.67805088857751417     
  0.66650056966672722     
  0.73956189148940532     
  0.72384495204482535     
  0.69341485118799207     
  0.69786375057625005     
  0.68522278281993965     
  0.71853670363257294     
  0.62782773102029366     
  0.70111180341273460     
  0.71150578879121940     
  0.68874307396075662     
  0.72061345946372490     
  0.69487015096919058     
  0.69373162051254988     
  0.88775420887286671     
  0.70725788916153609     
  0.72574258804920888     
  0.66610801889639704     
  0.75398715298325003     
  0.69319296254415730     
  0.71273092265025040     
  0.68977887809676353     
  0.68772213910584579     
  0.66954546013991711     
  0.67345742109709505     
  0.73037280613881428     
  0.68580397831786455     
  0.68816889240538359     
  0.72893936826383654     
  0.70824567248621617     
  0.71324573685057291     
  0.71584925360885798     
  0.70180685202062876     
  0.69301263816212355     
  0.72966099669311413     
  0.70714873225023156     
  0.47840156250859905     
  0.76239866946097701     
  0.74742344960662255     
  0.73924879221949591     
  0.73558922787784464     
  0.70269649289667113     
  0.68479758636779997     
  0.68460270812827140     
  0.69572812234249093     
  0.67313690814350469     
  0.69208858966809028     
  0.71274879044875106     
  0.72070373607398464     
  0.73190923367480198     
  0.75859456670699821     
  0.72844603767107097     
  0.73229012810246608     
  0.70371887585334492     
  0.67614472153086369     
  0.68002208408371123     
  0.68881737183118519     
  0.78575297215208217     
  0.78087729634605130     
  0.57684043570711585     
  0.70074682804751542     
  0.69021847825295168     
  0.66196674441562120     
  0.66383440545949313     
  0.63421311951242154     
  0.67120540584820476     
  0.62969640542617833     
  0.64813301602944595     
  0.67919034808653600     
  0.62049866325484804     
  0.73690097322151149     
  0.65919825106010232     
  0.70584711644918896     
  0.69643014385114210     
  0.66780059261074354     
  0.67795014229786565     
  0.66637062973663219     
  0.68133728463353926     
  0.66413613753011014     
  0.70569017070830586     
  0.77416233614102314     
  0.67126924712439862     
  0.67852844158604264     
  0.67105065349066184     
  0.66842804334058570     
  0.63085399547120846     
  0.69573557172018308     
  0.66274702061068935     
  0.62803244861831964     
  0.69376412795395792     
  0.61858239105891999     
  0.61231797687170963     
  0.66068092639034381     
  0.60974930737685140     
  0.69330873425224093     
  0.66838187262632587     
  0.66675141218237610     
  0.70197975855780193     
  0.65495475790912672     
  0.68652432987052225     
  0.69636025910928179     
  0.74251478692133310     
  0.78099459957028750     
  0.69964511148952713     
  0.65918915434111458     
  0.66051910901864319     
  0.67535266114092585     
  0.66229186638337134     
  0.63531666590782498     
  0.62552035541351825     
  0.64269208656718391     
  0.66645213004762238     
  0.60862298760501121     
  0.67741270720865576     
  0.62392122975368802     
  0.70008391601929487     
  0.59354822247529515     
  0.69487128541056498     
  0.64516474374199473     
  0.64471513236148181     
  0.64321411385846461     
  0.67710542323302336     
  0.64885050380479492     
  0.66077946259931519     
  0.77326416343208670     
  0.60563696814701873     
  0.71564068155916916     
  0.63866607634433470     
  0.66450488349641412     
  0.64119719255958330     
  0.67049615493999770     
  0.67555326252171821     
  0.59255221602465324     
  0.63117594875783212     
  0.60928414828510369     
  0.64018885191114916     
  0.60022759826840855     
  0.64303190457166637     
  0.62130884678615916     
  0.63909233777009700     
  0.66155089757791019     
  0.62542380087930038     
  0.75967958307872085     
  0.68852482122496517     
  0.64204487359158147     
  0.69833884617725317     
  0.79372112141331097     
  0.69401463875590386     
  0.66100960955480559     
  0.63178119028748358     
  0.71046489084244357     
  0.59537429988678969     
  0.69854408809934032     
  0.63132517165590762     
  0.68623251942341446     
  0.67863378499778348     
  0.58307516680018256     
  0.66784327211440131     
  0.60216754493306923     
  0.64759166994589112     
  0.65508264009594930     
  0.65816050080992516     
  0.65441008757262964     
  0.66966297460343549     
  0.62553881790759369     
  0.62872186786410278     
  0.67959553183555987     
  0.66545943585327239     
  0.78860843074505937     
  0.73026073509823131     
  0.62473156022203102     
  0.65862267023403620     
  0.64382184985485458     
  0.60653555885495825     
  0.71906387454009901     
  0.71702510099996331     
  0.75677135919543326     
  0.75470231256715503     
  0.75033043894287799     
  0.79576555018273609     
  0.78369924267912339     
  0.77652553619956322     
  0.74318784738749866     
  0.59696695058990412     
  0.67953991011728676     
  0.59235503111965904     
  0.72187840289921101     
  0.68915692408281570     
  0.68023071026531001     
  0.58375533395758372     
  0.78787145393986335     
  0.69079504797939784     
  0.68236592043781330     
  0.70199638670209674     
  0.64841400399386118     
  0.66563191030817981     
  0.66484171120501401     
  0.73713513621795346     
  0.82630705384596026     
  0.81675868075663804     
  0.77716534222812250     
  0.79032381007969499     
  0.80833909194745013     
  0.79511081259076266     
  0.77355067358745155     
  0.69567829285080518     
  0.61262526024202246     
  0.58963104970270330     
  0.65002902183418443     
  0.64229487044621170     
  0.62349430192303446     
  0.70749117644016268     
  0.77944604676353513     
  0.66128657698536464     
  0.64490249000694655     
  0.64508088401245378     
  0.62387877812120751     
  0.63867717397911883     
  0.65605247372653774     
  0.76474637185243233     
  0.81002028333266352     
  0.74567196769167166     
  0.85971757298181606     
  0.75556132514331520     
  0.82868078509645360     
  0.75608142183190807     
  0.74097368431649357     
  0.66693916619705051     
  0.64743059223553112     
  0.66134847066388391     
  0.64010471406245673     
  0.69053502040643389     
  0.60828547744181094     
  0.64228632774495398     
  0.77734098465409651     
  0.65705483176910429     
  0.68704610546439693     
  0.68805005441970923     
  0.66232202197183909     
  0.67827092042502368     
  0.63139669729264203     
  0.74152295683033143     
  0.83454661945062625     
  0.70367372901430492     
  0.79227273879080118     
  0.74748143917399534     
  0.75715403588426189     
  0.78795457991564954     
  0.73141751338489380     
  0.61832902162100645     
  0.61739720182094926     
  0.67157377434667775     
  0.63819903921137033     
  0.62519460518792747     
  0.58841679199147345     
  0.68488116454273795     
  0.73213299897555373     
  0.70902098878944153     
  0.66461413577634476     
  0.64760509852585180     
  0.65069258662332341     
  0.64375966658013828     
  0.65776269552365141     
  0.62770827898703108     
  0.61669509093100583     
  0.68011002077657656     
  0.64883538779373129     
  0.64891414649916346     
  0.66568604449478441     
  0.60676503889041422     
  0.67117214639507639     
  0.63572923647565360     
  0.65895207873253547     
  0.63626481708106475     
  0.62938043207875760     
  0.71146272386750575     
  0.61096451097453064     
  0.67688155044883147     
  0.73399688691239917     
  0.68008866623872744     
  0.62568727775404809     
  0.68129491515965968     
  0.66351455413726623     
  0.62151413571309289     
  0.65929208323121624     
  0.64044521857409498     
  0.64714503617759811     
  0.65289390015872828     
  0.65734629298720382     
  0.59873898223508193     
  0.63626064929899862     
  0.63635914719598252     
  0.61026035580566085     
  0.62509012078724124     
  0.61033383713941025     
  0.63609736476490508     
  0.63641045072134372     
  0.67589200076673406     
  0.58869472024445246     
  0.72437998682000826     
  0.73824086967807645     
  0.66351138320041236     
  0.68225745498181989     
  0.64677368177325689     
  0.66409107429983028     
  0.66949978302416424     
  0.66191611496513203     
  0.60226036556959350     
  0.67816739005580040     
  0.62866361449078734     
  0.61205749425187472     
  0.65951651746545603     
  0.60276078369714858     
  0.65027200178710265     
  0.62662386922517366     
  0.65888814840544940     
  0.66751314436765019     
  0.62238034252623231     
  0.66192774904925622     
  0.64349044756662965     
  0.66266978767385953     
  0.62430048196125132     
  0.72040109899881588     
  0.69055787223296738     
  0.69393252407847228     
  0.70402635892456300     
  0.66294086355748305     
  0.68416256260840824     
  0.64458481709307114     
  0.71444520221849761     
  0.68542863447207736     
  0.67048918412354530     
  0.66445501234050952     
  0.66466678680686719     
  0.68781786473049267     
  0.62586028946772332     
  0.67659047868917543     
  0.63894949998182859     
  0.62443902117419392     
  0.69332565380319211     
  0.59688634276317043     
  0.66511080509665943     
  0.67379891331918940     
  0.63245745647779772     
  0.73962352064106018     
  0.66085266662428699     
  0.67548824057741108     
  0.68650334074509978     
  0.67631715877518539     
  0.67865307420593846     
  0.67669049053588171     
  0.65951000277320859     
  0.71542318271116556     
  0.72627805057283146     
  0.67611939636648433     
  0.69715352932560071     
  0.68878462174247079     
  0.72472011595530006     
  0.66286798424025450     
  0.68632401414853572     
  0.62500752037016527     
  0.62171954045688649     
  0.68740765496912293     
  0.62972048503017908     
  0.68567125103553062     
  0.68662881860417524     
  0.71945333723352345     
  0.68146227021299421     
  0.65238679870238814     
  0.63775729921341651     
  0.69899493717040340     
  0.68446177097208183     
  0.67968296447993026     
  0.73766381978298301     
  0.70460352503635082     
  0.74790694764823840     
  0.70267830276772913     
  0.72626346297098787     
  0.63998086980541868     
  0.73883098562097271     
  0.63879326682339477     
  0.66276376501825496     
  0.68885090105954749     
  0.68317745023746368     
  0.67566015020830750     
  0.65665442313068578     
  0.68711557989019612     
  0.65817483775910191     
  0.70112725782147556     
  0.68109323508772535     
  0.67912442852037402     
  0.70110423764909724     
  0.66741715507916699     
  0.69793428703915594     
  0.65004325338982716     
  0.72929124410333046     
  0.67855623471245829     
  0.70393199341813484     
  0.72593652919086493     
  0.67569547199208746     
  0.72000926796938136     
  0.65034838858970956     
  0.68916080571962046     
  0.67414996493719770     
  0.58825322683582704     
  0.63724656780855671     
  0.65286362630718953     
  0.64808692655603128     
  0.69791964062488343     
  0.65864351636346996     
  0.68323525885149117     
  0.66079958354059321     
  0.64922915834449069     
  0.71830185946171887     
  0.68210915384459980     
  0.72207061919603788     
  0.69311619463702989     
  0.70125127205932880     
  0.75155960569761360     
  0.71461049186609982     
  0.68265536109412039     
  0.72483845446752948     
  0.68836061271104221     
  0.71662495368344681     
  0.68206890086100835     
  0.63427080911502598     
  0.68967507157321184     
  0.60645822763654178     
  0.64120611095719726     
  0.66510307752372821     
  0.68899458290819260     
  0.70920094218347618     
  0.69664463649825592     
  0.74069951078620666     
  0.67386065056300737     
  0.66164552088131112     
  0.66712945670777613     
  0.61465671681868295     
  0.72721206089350077     
  0.66630840056673346     
  0.69283169407493372     
  0.71044999386230778     
  0.68752136427192978     
  0.68122974120575031     
  0.63955980443968385     
  0.62935523434464835     
  0.71345652852591701     
  0.67351854824248492     
  0.64846505669985233     
  0.68295732614337168     
  0.65181440110836419     
  0.72046435712436752     
  0.65630106975395697     
  0.63777826916478964     
  0.69379377381116314     
  0.66405981326714481     
  0.69563548302373701     
  0.69581581241594637     
  0.71064835045869024     
  0.71604568850327333     
  0.66391182765707757     
  0.68581976983262960     
  0.70651493622874850     
  0.67581535421471861     
  0.64575156737933392     
  0.73065673557609190     
  0.70052520275885710     
  0.68143732472658225     
  0.69108011642506562     
  0.71698174180322227     
  0.65104689792103809     
  0.67522639485284730     
  0.69804651089809988     
  0.63660858222613281     
  0.72689019308755409     
  0.67135381485434054     
  0.69960361544377525     
  0.71484647013365898     
  0.72627724952390349     
  0.70930497932051739     
  0.66980248028855494     
  0.64808307186787173     
  0.71536129922589353     
  0.67110975277090357     
  0.68277992093622808     
  0.72229085522939962     
  0.67471702466654904     
  0.66673560974958057     
  0.66301727499843710     
  0.71250604847987653     
  0.57924654654957364     
  0.68834412489953445     
  0.64449496892414837     
  0.68661855825542684     
  0.72252050710077342     
  0.70812314359626216     
  0.69522027872738967     
  0.66433143050691545     
  0.89998982293096541     
  0.68235867824141994     
  0.73450234070261011     
  0.66152489131679515     
  0.75836495947267690     
  0.67570754166488178     
  0.71830985660734414     
  0.72729530248381047     
  0.65612971113756757     
  0.70194323352983956     
  0.69850610513388200     
  0.69940268592243460     
  0.68971419955707525     
  0.73443397298587376     
  0.77636661488407344     
  0.76247388484401957     
  0.68878068170318374     
  0.70042050020568258     
  0.66088166750480581     
  0.65446098843673972     
  0.72668890345243886     
  0.73219284209672952     
  0.56657286759247871     
  0.75157497387116534     
  0.71232846449044740     
  0.69001259272536919     
  0.69561783662328558     
  0.70391874524104003     
  0.73394519668630021     
  0.72127904999031334     
  0.69501081434304324     
  0.68820401822023647     
  0.71430088735591779     
  0.70094831395778578     
  0.69865641754747176     
  0.72462858837416444     
  0.71827443086758391     
  0.62980356455537889     
  0.70550398201914677     
  0.75083914622587189     
  0.70170102309200499     
  0.68728286110664527     
  0.70806536226999528     
  0.79920527534652708     
  0.79687443930793311     
  0.52074596261597361     
  0.66457669286941845     
  0.70752603077443121     
  0.65027929450542676     
  0.64247676168983625     
  0.66999685625398131     
  0.62999860173044919     
  0.54334506714008446     
  0.69964854512800545     
  0.69946887100947686     
  0.60651326546298889     
  0.70450622547129338     
  0.65653438108491902     
  0.71841950009604894     
  0.71449789514748885     
  0.67568697122521437     
  0.67548365342769046     
  0.66459742244656284     
  0.65802376750804681     
  0.63801525104580059     
  0.69348230175414227     
  0.78491699798112602     
  0.62706807600007097     
  0.65867229786043069     
  0.71406176631489304     
  0.69004734880106333     
  0.62191650738987569     
  0.70713167508693298     
  0.60307293874307777     
  0.57017744792052139     
  0.72381050891520904     
  0.61167190310454445     
  0.58594195557137319     
  0.63478765116031821     
  0.58503922534255581     
  0.66304872138663007     
  0.70997780876660443     
  0.66515291600642912     
  0.70143458536551595     
  0.63347897148921350     
  0.64208687598716818     
  0.68137429426136098     
  0.71248900783681934     
  0.81146075815427010     
  0.67121137734010194     
  0.63372348101881582     
  0.64742378657265154     
  0.66709665729633927     
  0.60824223796323418     
  0.64237835888396244     
  0.56082839646107918     
  0.59098128965081409     
  0.67044811203078924     
  0.56343574492294879     
  0.64360519623209211     
  0.61448906411198334     
  0.66093852872384118     
  0.54602287076166089     
  0.67967496297474239     
  0.63934893047643604     
  0.56009348270232995     
  0.63103678984356704     
  0.65684665000725861     
  0.62300676047828041     
  0.72075928187983984     
  0.78092540074804362     
  0.58278338646796524     
  0.68091822928102830     
  0.63784459436762642     
  0.64286777501685033     
  0.59033211494120397     
  0.68845776818490700     
  0.66633683050113923     
  0.57686511229060955     
  0.59415582288762336     
  0.53738348530829416     
  0.59484534697784064     
  0.55247023507570037     
  0.63580521781066079     
  0.56221493982218229     
  0.61544018667643619     
  0.65175618336157104     
  0.56249960265599286     
  0.74670608479529710     
  0.68892959268663190     
  0.61239292629473940     
  0.77216308399115263     
  0.79092970862642342     
  0.72095815825881771     
  0.64452423692978622     
  0.59487697593899280     
  0.69422214959430517     
  0.57974060211777112     
  0.68277145152730745     
  0.63058526503519352     
  0.73829610348910579     
  0.68521565854640609     
  0.60317307788774488     
  0.71933811317892071     
  0.59619244319075271     
  0.70710604226656071     
  0.69151821101078481     
  0.60991017967431838     
  0.65684987749012214     
  0.63134837846716707     
  0.62980829688957840     
  0.62168530121924881     
  0.63627245192936621     
  0.66430402083154139     
  0.74429874154927667     
  0.75152243678379993     
  0.62571426063599112     
  0.61326685790164059     
  0.63710939248242326     
  0.61355587502653808     
  0.73109042200240260     
  0.74035305939546847     
  0.86265961314870354     
  0.86649637323180007     
  0.84324093187922833     
  0.93977635446189645     
  0.86544516514441983     
  0.89969458639238375     
  0.82629059506121050     
  0.55945015354203920     
  0.64207532266965395     
  0.60045997700775677     
  0.71330657230395256     
  0.63930756128476240     
  0.66912044573671814     
  0.58072289270479349     
  0.74214602608481339     
  0.70727419795353952     
  0.70843592652721599     
  0.68214145509009461     
  0.58584240135950438     
  0.65495786890919860     
  0.70864271108505383     
  0.84231338410208634     
  0.96350427884357226     
  0.93019090395236503     
  0.91528644804417780     
  0.85115750364226561     
  0.89454083181323063     
  0.91139633849699253     
  0.87945081658501900     
  0.73070958062791658     
  0.60129294651788989     
  0.59721841872552861     
  0.64236913675853646     
  0.62919998628999962     
  0.63005380465771499     
  0.70947233423088529     
  0.76872389810325970     
  0.66553418276998999     
  0.65134235311459654     
  0.60111259247597904     
  0.58258804202156889     
  0.61371893054355253     
  0.65578674669796022     
  0.88244869674578275     
  0.94210223866778253     
  0.85687083840554912     
  0.99502268708934805     
  0.85031337667652052     
  0.89767385197248828     
  0.88816404004542626     
  0.83826034026334395     
  0.72942189654383771     
  0.64584053472455827     
  0.63732183237303563     
  0.63540825119169997     
  0.68657671699342826     
  0.58292425252375202     
  0.67206702333112600     
  0.78843993863000061     
  0.63895079916731989     
  0.65293571046453824     
  0.65469902335595742     
  0.69517568963364240     
  0.68575295550269033     
  0.61676100863523653     
  0.79500651643313924     
  0.89029402253028156     
  0.76693733148755050     
  0.85833282185012205     
  0.80274294546040570     
  0.84320152844013796     
  0.89334979330542075     
  0.78278594363180187     
  0.59870866665843792     
  0.59275083249344862     
  0.61393723535294709     
  0.63468755763451812     
  0.65745043185745922     
  0.57183013887445377     
  0.70111621565087456     
  0.73031188550679960     
  0.68201982120193405     
  0.61368490144047760     
  0.62431969980180868     
  0.64448419101119359     
  0.64251378670137271     
  0.64604303145687747     
  0.59448611520707140     
  0.62253864905204248     
  0.69768483783289237     
  0.65720019935481677     
  0.64849986324982301     
  0.68373836423932133     
  0.66063996745001385     
  0.67837166832324725     
  0.60116645430883209     
  0.61283306194000753     
  0.56979382552167390     
  0.59144367596119296     
  0.72571191578114291     
  0.62668741928414939     
  0.71981575375648454     
  0.76645878403216050     
  0.70460692207452780     
  0.64390206672102079     
  0.69204597443357951     
  0.61650279785589790     
  0.58436908047635483     
  0.65797738160358887     
  0.61436446138609768     
  0.64687931336274263     
  0.63270613708888612     
  0.62524427469581478     
  0.57666243060907474     
  0.58603692436920474     
  0.62879360936773088     
  0.59144875081877635     
  0.59224551459869956     
  0.65405525167157630     
  0.63466456849316888     
  0.61609261627828960     
  0.64869635651379309     
  0.58656664761026611     
  0.77146883846390479     
  0.77391160482676036     
  0.67719495325411527     
  0.67522713128591161     
  0.64943618950282056     
  0.61705966292741343     
  0.64879391958598165     
  0.66357755354197046     
  0.59345121115224764     
  0.66461414242502836     
  0.60144469404286249     
  0.57872268750681188     
  0.60265205192580584     
  0.56477310622034804     
  0.62430865967266358     
  0.63834186197499920     
  0.62676875749455696     
  0.67177583310627431     
  0.62343240943614364     
  0.64660410276115621     
  0.64776238385845974     
  0.62519244075034719     
  0.69195399315950301     
  0.68264315444479939     
  0.68908345185026620     
  0.68758800658201114     
  0.67825360207799701     
  0.66606704197759847     
  0.66048284567189364     
  0.62025180107230893     
  0.66609715730823860     
  0.70936511549211090     
  0.68692456828753978     
  0.65858344621133624     
  0.69782861294178966     
  0.69741784235387394     
  0.62378663595591588     
  0.67110082055560738     
  0.60495496722541009     
  0.55024147416166291     
  0.63863006893383978     
  0.60313929355612139     
  0.64839629585673031     
  0.63975839753338348     
  0.59685089387867851     
  0.72088912720979437     
  0.64012288856677535     
  0.65953589909771471     
  0.66001199399765609     
  0.67381705676451709     
  0.68884108065828831     
  0.65318763506988742     
  0.65565292747600634     
  0.74175633372474914     
  0.75809390102840180     
  0.72220271702034033     
  0.73471009193983894     
  0.69781493977452935     
  0.74320107057940354     
  0.65263563381604628     
  0.68601907260010009     
  0.62068069725223574     
  0.61508675340111207     
  0.64687651149081182     
  0.61558434343702373     
  0.67543703988631876     
  0.64416545776717893     
  0.75031645659418722     
  0.70557743284178642     
  0.65506915814815370     
  0.61099286758154348     
  0.64882147365152776     
  0.65362053225192895     
  0.66190170381912627     
  0.78027991376681305     
  0.72229940096772438     
  0.73796517250740268     
  0.75853713877134610     
  0.74530343167191659     
  0.66825589692331533     
  0.78415391908164089     
  0.69515279946248110     
  0.72049409723368185     
  0.68661885971961067     
  0.66491513326132812     
  0.68268437933703496     
  0.64349081822558640     
  0.69097970423452615     
  0.66750503632150071     
  0.71129816647284883     
  0.67658085265647028     
  0.66404530111402815     
  0.70338656340951000     
  0.65756151040914101     
  0.66233553586223926     
  0.65007664268687926     
  0.74811673949267443     
  0.71387526435384752     
  0.72976768483821031     
  0.74252313787201774     
  0.74277979648585357     
  0.75919887308722456     
  0.68432126614223643     
  0.72287856075965662     
  0.66305315077493043     
  0.55359243752308185     
  0.63835084374213125     
  0.65764361886276979     
  0.58904279016648264     
  0.67882339509498257     
  0.66569520940065097     
  0.69345903098639194     
  0.65217505984136570     
  0.61352868412587691     
  0.71744914860650610     
  0.70311741274104134     
  0.69509122499661224     
  0.70598973572412249     
  0.70387728378459524     
  0.75483057394134256     
  0.69250741118607639     
  0.65639668149446395     
  0.81108795615124318     
  0.72416822854649165     
  0.68768828844512320     
  0.70666563212228561     
  0.65365545784983792     
  0.67790672101497140     
  0.62994768118372624     
  0.64798448435896538     
  0.67750563179173073     
  0.69800146547147912     
  0.66918217371441069     
  0.74368265412554313     
  0.74971673510657677     
  0.67575083796872404     
  0.66557125333287970     
  0.63149508935434595     
  0.62818788973408035     
  0.71208981558071227     
  0.62891643006189224     
  0.67431662040471696     
  0.69603579306030483     
  0.66247263555324776     
  0.73683898560721628     
  0.69015896369132712     
  0.63387377096111341     
  0.69227508474530519     
  0.68367679033931450     
  0.68492478490099618     
  0.69436945631281211     
  0.65455726241475065     
  0.77682770263504108     
  0.70323002940124180     
  0.56814332310827109     
  0.70412930365411108     
  0.65202010649241238     
  0.68306032951137374     
  0.69179616549756695     
  0.73156639373700416     
  0.73066292127519161     
  0.65416708763137110     
  0.63371803804093085     
  0.71707551334305264     
  0.63996855257210139     
  0.59060141856872916     
  0.71571640693856764     
  0.69376452097767005     
  0.62006693869474205     
  0.60604550835230875     
  0.71229058084129482     
  0.63096217876104688     
  0.66343380691318843     
  0.67531917950187570     
  0.62426463421903755     
  0.73597109377749048     
  0.63834060882251742     
  0.69117973192749615     
  0.69315086755148614     
  0.72624452660299976     
  0.70109577092819408     
  0.69048681265330436     
  0.63469127391083413     
  0.68631607670206529     
  0.68367837031790357     
  0.70055304796876761     
  0.64974089603924323     
  0.60261933151061409     
  0.62996563552540896     
  0.64382335350432052     
  0.65979719106150059     
  0.53706008704989139     
  0.74203048561899732     
  0.61769342065829003     
  0.64885269832000902     
  0.72637801205354047     
  0.66929721111357565     
  0.70770856790760683     
  0.63816733358618083     
  0.90960635898828146     
  0.66836153488204686     
  0.71505731773493930     
  0.68983168454660915     
  0.71934816786238154     
  0.65826630778729500     
  0.70299338414928758     
  0.73872355056710881     
  0.66893160796643103     
  0.73570466024653902     
  0.74879132071523780     
  0.67679515512402233     
  0.69335575619779144     
  0.76029396709412789     
  0.77800672493907064     
  0.79387620709260387     
  0.68637111519011462     
  0.67485039333148500     
  0.63336597188689880     
  0.61723214273700877     
  0.68419585633525670     
  0.75853392742781978     
  0.63100311160804667     
  0.70752486850241014     
  0.67737577138111638     
  0.65942893029356009     
  0.66705414177083511     
  0.69971688619999739     
  0.74179157932135731     
  0.72588684385198721     
  0.69126255325357544     
  0.70142892390196043     
  0.71430652209828349     
  0.68780444165124499     
  0.68002110671903071     
  0.69558537660946840     
  0.67018291395851881     
  0.60841059869022540     
  0.67870658886496371     
  0.74414091229909896     
  0.71893461096186329     
  0.69901941047819305     
  0.70927943389140946     
  0.79869312674459825     
  0.79252648524585489     
  0.53904401555963577     
  0.63218363137798217     
  0.68529440170015987     
  0.65140704751045164     
  0.63873762305102755     
  0.66182102265643872     
  0.59975543913227691     
  0.54819388141509628     
  0.68061679990415813     
  0.67656647479390541     
  0.61361692836591375     
  0.65060052449845018     
  0.64583266665292760     
  0.69048287037685907     
  0.69968689193291911     
  0.67375470266490167     
  0.66733229063592248     
  0.65051032402690068     
  0.63469422903290096     
  0.62637403510430800     
  0.68562670656083335     
  0.78861371922286938     
  0.60173380951554711     
  0.63891099775296400     
  0.69474581453499940     
  0.67620543657270260     
  0.62874160667198908     
  0.66312844636404122     
  0.57782762755260109     
  0.56274693673427167     
  0.67791913011835536     
  0.61637231335368914     
  0.58925237418403398     
  0.61046936022081200     
  0.59386754734930902     
  0.63744629590639224     
  0.68893417600586859     
  0.65936946733430835     
  0.65765574522962089     
  0.62463784208573925     
  0.62071656863399316     
  0.64319401802834475     
  0.70556362553827057     
  0.80743033357294125     
  0.63223933226951390     
  0.62409368635018148     
  0.64135739537784409     
  0.64279198508348634     
  0.59882157914115175     
  0.62845847603585248     
  0.56236386718132148     
  0.57440634222575748     
  0.63404710084643856     
  0.56734668051271941     
  0.60017302712128584     
  0.60050232131103065     
  0.61432414396282853     
  0.56634455293742469     
  0.64149416461923148     
  0.62253067887858349     
  0.56393780674561778     
  0.61684899196600318     
  0.63178067913517966     
  0.61761240996123246     
  0.74829007762957545     
  0.78344439551267420     
  0.60638739410283382     
  0.63836753076397046     
  0.62583444610788663     
  0.62113228663073594     
  0.58816004551678958     
  0.65977842555399713     
  0.64393212327608340     
  0.60824225611534521     
  0.60379714294516829     
  0.55963857847813170     
  0.59707533883324782     
  0.58236657846299988     
  0.63140158658671552     
  0.58127140073735095     
  0.60638090528944566     
  0.62167357641855769     
  0.56541449188792203     
  0.66983167862616066     
  0.65578536064290460     
  0.61040252368927539     
  0.77659491207559161     
  0.77590393871008556     
  0.69147833658040014     
  0.63343452591631766     
  0.59784696036620166     
  0.64311992209995750     
  0.60310540477955765     
  0.67192092761438094     
  0.68206437962894206     
  0.75789175699583178     
  0.73159642942098146     
  0.69202625421625219     
  0.75444995041391083     
  0.68763846277433649     
  0.75218526830236498     
  0.71101215461456502     
  0.61619320505686237     
  0.63204002750665567     
  0.60955673383045428     
  0.62952968004075394     
  0.61835833733103451     
  0.61113159155597874     
  0.67382860281876766     
  0.73257956792594825     
  0.71832869409516398     
  0.63870619140521701     
  0.60354641314821322     
  0.62002736447028539     
  0.63468378143892978     
  0.72870380728526618     
  0.79512154454438344     
  0.91820884001936320     
  0.93342062580989527     
  0.92325687802846768     
  0.97565102105787904     
  0.92420903641561669     
  0.94223836063326494     
  0.84983488524059458     
  0.63343695542482681     
  0.62192258330649763     
  0.61276409188861891     
  0.65873978705194214     
  0.62056877667974375     
  0.63409067832936283     
  0.61599319613788706     
  0.72589289509088428     
  0.69676346569334913     
  0.68291499097165176     
  0.63693569312527698     
  0.58370445073816446     
  0.64737633011721651     
  0.74834417852788326     
  0.90515173823564221     
   1.0259511859078618     
   1.0219445248747827     
   1.0168456732418667     
  0.96420725585366052     
  0.97855030654407504     
  0.99120226569928971     
  0.92217048579059990     
  0.75262834181650762     
  0.62714163801425671     
  0.61095916209098822     
  0.63185279332189226     
  0.62458747939702119     
  0.62463482477058963     
  0.69243395802575169     
  0.75458142714081267     
  0.65962455230558537     
  0.64464854479017841     
  0.59534989385319248     
  0.58753287981291880     
  0.62821448956964698     
  0.70650148097188004     
  0.92064323437407936     
   1.0070677036812925     
  0.97785948957558222     
   1.0418222018981835     
  0.95882310958857042     
  0.97462173718907774     
  0.97739973324621920     
  0.89982957728949553     
  0.75957235276490753     
  0.64905978409652443     
  0.61736631432309941     
  0.62808374653483767     
  0.65072073812829689     
  0.59348692046967966     
  0.69097842231846884     
  0.77295164432110453     
  0.63226803518945751     
  0.62636655841763733     
  0.62554829955888847     
  0.66595928989543707     
  0.66829253980164671     
  0.66387240339496667     
  0.81383007910284444     
  0.89730733442143884     
  0.85929454889915913     
  0.89893195255161518     
  0.86920143357541457     
  0.89941225710862605     
  0.92048553490863128     
  0.81171960979064584     
  0.64609756652104311     
  0.59853988471825104     
  0.58749684535932689     
  0.61993464950429455     
  0.65399330094811026     
  0.59551406154763187     
  0.71276132581950158     
  0.74945950984145093     
  0.65213080385314282     
  0.60807373129779352     
  0.61757828991840258     
  0.63283551109508407     
  0.63410498523906411     
  0.64323265047797840     
  0.64100249939036480     
  0.68701367873370178     
  0.72654746624105526     
  0.70851547230403478     
  0.69768173928613453     
  0.72191098164225076     
  0.72660930602428142     
  0.69335108037331428     
  0.60886079864673870     
  0.59257721552748921     
  0.55895333665965785     
  0.58919058757771869     
  0.67830328485180624     
  0.63334088748981110     
  0.74335317983420646     
  0.78023272790463127     
  0.68856568023418485     
  0.65056777789007492     
  0.65893220087756033     
  0.60225779267466606     
  0.59159644106069753     
  0.63679697453121331     
  0.61839122681957348     
  0.64758689673825887     
  0.63976057304968770     
  0.62252048598846221     
  0.59803803013146695     
  0.60082659789495563     
  0.63320934549874552     
  0.60986897902969650     
  0.59516881546516898     
  0.64042224191829034     
  0.61594406264722712     
  0.60735700230262080     
  0.62977777306702387     
  0.60439870974013421     
  0.77749228688475869     
  0.77531502581798384     
  0.68057053815306612     
  0.66524964170936118     
  0.64488450565075517     
  0.60588989721161091     
  0.62352819607136889     
  0.63941833756100575     
  0.61139164068940199     
  0.65039021321867352     
  0.61730830179001972     
  0.59303161736936394     
  0.59721124273413340     
  0.58434340951350505     
  0.61900800954734070     
  0.63238511660113017     
  0.60920700129433458     
  0.63485866469868246     
  0.61484144641399385     
  0.62479616231131141     
  0.63007275300584742     
  0.60920821217687082     
  0.71166061954914961     
  0.69557647426024494     
  0.67090797171603445     
  0.66624384443310403     
  0.65301013469625757     
  0.64723408980606711     
  0.63964312767542131     
  0.62128180930307231     
  0.64683277431350228     
  0.70253873075431628     
  0.69519706700719941     
  0.67527206436193221     
  0.69750276738969241     
  0.68541908482956515     
  0.65009045116595021     
  0.65444766856439640     
  0.60071770976653738     
  0.55777944230991094     
  0.59846188152931168     
  0.60470182038119302     
  0.62402623774435872     
  0.61676684711480767     
  0.60727607613410750     
  0.71347729799197845     
  0.64699026186701569     
  0.64846469370371340     
  0.63900590900470844     
  0.65337350037001141     
  0.66360353015434803     
  0.64684717789093205     
  0.67602617225454265     
  0.74263107187463273     
  0.75751311332591487     
  0.75149709942711740     
  0.75010994423772537     
  0.72028483957755496     
  0.73309586424643014     
  0.67494796098313259     
  0.66738101475535161     
  0.61828476437318225     
  0.61160028903134867     
  0.61989270087080728     
  0.61216632484595412     
  0.64387280287796855     
  0.62126531006032326     
  0.75221026794792456     
  0.68602506668115115     
  0.65146705224546464     
  0.61743822111000102     
  0.62734093150727821     
  0.63847688143149250     
  0.66347728311522536     
  0.75411965683989968     
  0.74426016356352809     
  0.74896901914875158     
  0.77864347256118671     
  0.76849229722184964     
  0.73064096129709344     
  0.77691259762149323     
  0.73225207161711281     
  0.71817321886558605     
  0.66431164223811900     
  0.64581831311096161     
  0.65558857267440429     
  0.63191291882644873     
  0.66656946134543371     
  0.65447640817388419     
  0.72790610746472029     
  0.66606767373624820     
  0.65461866343164032     
  0.67369848456478321     
  0.65176392589919563     
  0.64636403905328221     
  0.66674018808480373     
  0.73884547030924330     
  0.73874792003693257     
  0.74326360403580782     
  0.75821026329770869     
  0.78604653424549054     
  0.77350506831818344     
  0.73029570649172071     
  0.73204420456903874     
  0.67237177815070814     
  0.59858353062292435     
  0.63699434021396950     
  0.64621572511708614     
  0.60496864785474413     
  0.65878601227299527     
  0.65238416976646152     
  0.72100692411630540     
  0.65432641804533875     
  0.63031436404113861     
  0.68552458808059658     
  0.68393962599530722     
  0.67331119103068993     
  0.69561238455774910     
  0.69960382851492753     
  0.72697427183761976     
  0.69587786059752221     
  0.69216658426546840     
  0.80492186520398668     
  0.75312761957153818     
  0.69985353636354097     
  0.70932263149536934     
  0.67415239271871263     
  0.66227963740489426     
  0.65024090151566694     
  0.65602764532263891     
  0.67788761684848653     
  0.69421937738554729     
  0.62603395554259311     
  0.75544034833741336     
  0.71038273272229735     
  0.67152191729050792     
  0.66767630616374785     
  0.64846690195780976     
  0.65355870605368305     
  0.67942564883497869     
  0.63627123723065082     
  0.67074714915051770     
  0.67339713876113716     
  0.66337339505107518     
  0.74337889636070487     
  0.71424415662007168     
  0.65216232311773903     
  0.66858239412478482     
  0.68244345968991516     
  0.68574162542287342     
  0.68318076457492383     
  0.67113230225349330     
  0.73849155095011443     
  0.71658547613406220     
  0.55599139628436089     
  0.71820802598941780     
  0.66421115667665953     
  0.67610075840800998     
  0.68611736177918026     
  0.70705448227466938     
  0.70297747042509384     
  0.65626299303647939     
  0.63261821124773077     
  0.68055347281804968     
  0.62663339139871055     
  0.59613666317697489     
  0.67837458301400932     
  0.67309088162454034     
  0.60658657296101115     
  0.59421005464757481     
  0.68028125014133745     
  0.64246265076603859     
  0.65260770447864591     
  0.66339636791525813     
  0.65459103568139698     
  0.71297804722445124     
  0.59955728396697427     
  0.69710887685762202     
  0.67866579496897350     
  0.70156683275872023     
  0.69692283175680814     
  0.69254808067787466     
  0.65406686084444765     
  0.66450810347351497     
  0.67259971962661391     
  0.67958906966223565     
  0.61721321688964892     
  0.58219643610595961     
  0.61325751312926347     
  0.63007487203373169     
  0.61511796457498547     
  0.57043119380335827     
  0.70344730214666862     
  0.62958479494406394     
  0.63687367017931840     
  0.68710008809995171     
  0.65895398095841640     
  0.69651525343278675     
  0.61237791144855858     
  0.90145209930129688     
  0.66542182876233691     
  0.69539043767556941     
  0.69545374238325364     
  0.68790644278976221     
  0.65007771717271534     
  0.68511959909799147     
  0.72290137199483007     
  0.69542130584281403     
  0.73313667665855697     
  0.73846024656654308     
  0.67329986110917317     
  0.68850902387187440     
  0.74191731517894999     
  0.75845065174451376     
  0.77476050875569380     
  0.68412393463253152     
  0.64503464713032521     
  0.60812636707862311     
  0.58803104030209052     
  0.62886484925347830     
  0.77624077697863225     
  0.64783456809618989     
  0.65993609729970359     
  0.64366891310562779     
  0.63636444952786286     
  0.64801070924529924     
  0.68093061207102357     
  0.71237056040223490     
  0.70277248819889171     
  0.68140248543865312     
  0.68889248444852580     
  0.69012551093334473     
  0.66661464624501277     
  0.65338667059302413     
  0.65255907406817959     
  0.63255278182737862     
  0.61066475406568010     
  0.65729684485495810     
  0.70901043862358692     
  0.70940506006145254     
  0.69791489830351039     
  0.69876686843209856     
  0.77617485582629364     
  0.77631164424854171     
  0.57194602540831407     
  0.61648436661466322     
  0.65209496176674309     
  0.64374235011354597     
  0.63449492137338104     
  0.63552404514192828     
  0.59584934459897931     
  0.57985420652267639     
  0.64376798335801644     
  0.64633953615536099     
  0.61774894282565429     
  0.62425646080172903     
  0.63111067828254552     
  0.65552016900541921     
  0.66686172118977061     
  0.65642179980548876     
  0.64716226016609490     
  0.63217153856531372     
  0.61933704588124594     
  0.61563962338050948     
  0.68598028294720048     
  0.77610623322985595     
  0.59723329833638727     
  0.62259283047079261     
  0.65476089846595453     
  0.64849276540729495     
  0.62697455433823890     
  0.62808456853794525     
  0.58543136656799288     
  0.58178076239467991     
  0.63541771301842931     
  0.61847960297646620     
  0.60150139415670267     
  0.60574028305888561     
  0.60601091804764662     
  0.62663640252243535     
  0.65272085542239255     
  0.64112663067414188     
  0.62813311319407605     
  0.61493779950205585     
  0.61086017975897822     
  0.61762378628601500     
  0.70457922881838442     
  0.78298705460163487     
  0.61327050489741741     
  0.61678346255853800     
  0.62873580340220381     
  0.62588066009194288     
  0.60796617557475396     
  0.61782239653758575     
  0.59087856332555277     
  0.59531136478141200     
  0.62268584898459711     
  0.59999978581846336     
  0.60519774328212084     
  0.60846441997184553     
  0.61134933124450253     
  0.59919429927367995     
  0.62282468585594541     
  0.61202984898353463     
  0.58552198901726660     
  0.60455514955436351     
  0.61309050599474013     
  0.61117867128577019     
  0.73774289889004030     
  0.76993391787069765     
  0.61637585379725168     
  0.61874407983288826     
  0.61454664423516292     
  0.61233144821256202     
  0.60688927734232467     
  0.64396407335234562     
  0.65026744081155619     
  0.65154273508771465     
  0.65186005590626306     
  0.63401123222163180     
  0.64679341217592456     
  0.64427302701312139     
  0.65553496119142241     
  0.62666831248502142     
  0.61752660558930783     
  0.60861286892034294     
  0.58440989591574211     
  0.61995771826268276     
  0.62230788693996086     
  0.60851179392269961     
  0.74369078081866280     
  0.75667412404819290     
  0.65401378443821623     
  0.62454461169465114     
  0.60501261939197526     
  0.61939628575876848     
  0.62736934550663015     
  0.68156434568434965     
  0.72619097525977416     
  0.77985975801331842     
  0.78535669728375923     
  0.77604719700825142     
  0.79517115780688352     
  0.77265656993433074     
  0.77979777349119273     
  0.72933069628737512     
  0.65147193660019909     
  0.62502967791520447     
  0.60606403094313777     
  0.61572912791067813     
  0.61049947574324459     
  0.60421199073155973     
  0.68185872021773464     
  0.72979697829653323     
  0.67259794089249147     
  0.63477575197917346     
  0.60798826346838886     
  0.61755263694779128     
  0.65460998484217181     
  0.73921441915156771     
  0.83184379754373949     
  0.92851575915829732     
  0.95965160451430986     
  0.96381320784351854     
  0.97639030259235060     
  0.95164462145947792     
  0.93559248619614932     
  0.84777325148053551     
  0.70309947662083561     
  0.64028556609550946     
  0.61871555616228724     
  0.62572302593502549     
  0.61218560142005907     
  0.61260123534868827     
  0.64731625122420122     
  0.72218213484288374     
  0.66671423300460098     
  0.64884586977317549     
  0.61730443345258046     
  0.60758116798757034     
  0.66512724713843474     
  0.77262226082895447     
  0.91422919133723268     
   1.0229716882101958     
   1.0532143381342844     
   1.0573575329843763     
   1.0337518339150138     
   1.0247364803625123     
   1.0060082835262096     
  0.91859595326473764     
  0.77152050573237496     
  0.66138068833299324     
  0.62358170797673540     
  0.62228527714301740     
  0.61757625739893818     
  0.61466927683677119     
  0.67892405871058747     
  0.73835110653811653     
  0.64451642659704289     
  0.63038547726449434     
  0.60491891093181938     
  0.61055358424169359     
  0.65938570758585846     
  0.75461932688081279     
  0.91225377573211497     
   1.0090346445163376     
   1.0307104569800958     
   1.0527904613038461     
   1.0217592468909618     
   1.0166655301941228     
  0.99667815497273782     
  0.90844186473405997     
  0.77290043091544247     
  0.66527369388979152     
  0.62045233814170508     
  0.62015757664762572     
  0.62688178518022541     
  0.60719523709403844     
  0.69391646067714685     
  0.75270300128845080     
  0.62727740673286836     
  0.61703204063144124     
  0.61502445838197961     
  0.63882529298815938     
  0.66437947983364254     
  0.71153003082277499     
  0.82249189747967433     
  0.90064102830591120     
  0.91655299929309930     
  0.93289986796194491     
  0.92160080424376789     
  0.92838091758279861     
  0.91614222103728771     
  0.82655821621834968     
  0.70013947245712549     
  0.62651100043774799     
  0.59690783834188588     
  0.61117266708599727     
  0.63225237387530364     
  0.61289687281073291     
  0.71580288070218978     
  0.75489534225131183     
  0.63560345111779326     
  0.61506193646269192     
  0.61533395105537936     
  0.62446302323240799     
  0.63705445247207082     
  0.66344005665764905     
  0.70015785155601640     
  0.74814086576974559     
  0.77429272333501897     
  0.77272845467174689     
  0.76666729974443981     
  0.77445684257476477     
  0.76928088659087246     
  0.71991614944574867     
  0.64480151369120020     
  0.60571076545835667     
  0.58024740165057975     
  0.59673651217550183     
  0.63626527246648046     
  0.62733875436779218     
  0.74210274648711705     
  0.77268484274562577     
  0.66066029456386710     
  0.64039334671806813     
  0.63117358226034759     
  0.60741384969567536     
  0.60942820711851931     
  0.63594350959373225     
  0.64811104604818237     
  0.67479871541484748     
  0.67958599666691377     
  0.66962819799127526     
  0.65882931634280040     
  0.65959669695153988     
  0.66771234175250405     
  0.64573533711702502     
  0.61815750361558519     
  0.61870799572930779     
  0.60234777145255602     
  0.60215810024759509     
  0.61703146497790340     
  0.61287753808832657     
  0.75168275033828580     
  0.76268288561756425     
  0.66353794850449954     
  0.64961340050082728     
  0.63202681661309335     
  0.60975185358214534     
  0.61545509379149854     
  0.62979505644680855     
  0.63572715137289437     
  0.66087540320530802     
  0.65529964732103640     
  0.64236908189712993     
  0.63900945409942589     
  0.63428405241903674     
  0.64246605230353604     
  0.63714785714787492     
  0.61389253873670269     
  0.61143416037345255     
  0.60290098394108693     
  0.60675957905858657     
  0.61193350538492519     
  0.60612206927039847     
  0.69905655634748332     
  0.71750933948199846     
  0.65429091164897346     
  0.64710510597995607     
  0.63500195229628276     
  0.62854084740227956     
  0.62781787423246416     
  0.63052224174265870     
  0.65459363470073106     
  0.69449413065166443     
  0.70203717398431054     
  0.69656334436861933     
  0.70022130345394740     
  0.68916454355913281     
  0.67171653696663458     
  0.65436892673243929     
  0.61611043613962246     
  0.58683019407236647     
  0.59209362895498152     
  0.59921491589013931     
  0.60691509974521363     
  0.60584675570143798     
  0.62420165365888625     
  0.71925633171574899     
  0.64586820551653468     
  0.63919563274920188     
  0.62910323573121540     
  0.63348539141565330     
  0.64153748872023508     
  0.64997405551153031     
  0.68569783356132930     
  0.73090619167981219     
  0.74956458729994158     
  0.75566711565504174     
  0.75320721061704521     
  0.73564959193755919     
  0.72593058331870541     
  0.69011333624541349     
  0.65926234092283664     
  0.62096494165289784     
  0.60860801780783169     
  0.60860297984574052     
  0.60827672796508792     
  0.62006832598758133     
  0.61271787110334486     
  0.74256725949183078     
  0.66014879019005757     
  0.64234289161598634     
  0.62500108149016165     
  0.62577283428330965     
  0.63729250450708119     
  0.66626512923871306     
  0.72236033301434943     
  0.74446009090877252     
  0.75829883466057957     
  0.77853740872887567     
  0.77941154669870327     
  0.76240722467166044     
  0.76180887115962137     
  0.73146897112825693     
  0.69718585693043356     
  0.65185975253667194     
  0.63345763925834220     
  0.63125236931156026     
  0.62314221005744597     
  0.63855777154471571     
  0.62754811421204837     
  0.73779328998345528     
  0.65530003494635702     
  0.64672249187563546     
  0.64945413062089807     
  0.64348581119958226     
  0.64623461514618774     
  0.67278498926264674     
  0.71879028196118988     
  0.73713101773074008     
  0.74708320063872968     
  0.76599208414424891     
  0.78898940348517199     
  0.77675190871157762     
  0.74931718705062045     
  0.72872227591665861     
  0.68422770107153885     
  0.63887186588890221     
  0.63869299779619637     
  0.63824960468791292     
  0.62654571180894603     
  0.64651441097014795     
  0.62273121818954236     
  0.73799508876851705     
  0.65460228110438246     
  0.64487489642833429     
  0.66119810853989891     
  0.66221567583969954     
  0.66176063931342577     
  0.67857277821012152     
  0.69195954250930491     
  0.70895779710168783     
  0.70692994153302580     
  0.72211372092585602     
  0.77498496378442128     
  0.75601518565714843     
  0.71779180631098072     
  0.70525598657738653     
  0.68101733526401331     
  0.66146567255656286     
  0.65454954785428476     
  0.65604498023275692     
  0.66664211895636960     
  0.67593062801153103     
  0.59594298534855872     
  0.75016809277709062     
  0.67793774291752684     
  0.66401831544492329     
  0.66345231799052840     
  0.65885965807518199     
  0.66007371609298804     
  0.66403246845638408     
  0.65293037079559579     
  0.66844387904370994     
  0.66888895108807545     
  0.67685207370280587     
  0.72293739903439969     
  0.71142875621250157     
  0.67123104828059876     
  0.66594302143301809     
  0.67371683475818456     
  0.67184981173549696     
  0.66821578864911413     
  0.66911928702269008     
  0.69412764807575744     
  0.69477485221898105     
  0.55906900431107343     
  0.72744566067434757     
  0.66754239798705195     
  0.67067579107911379     
  0.67629277534082344     
  0.68185475893200931     
  0.67562962219729694     
  0.65517897254588553     
  0.64328493452592606     
  0.65557995937147973     
  0.63171990578691872     
  0.62272820622134062     
  0.66083122274613049     
  0.66028671006032114     
  0.62461242711952514     
  0.61898965167248787     
  0.65836375187394691     
  0.65011252693962129     
  0.65043973947423661     
  0.65818897082186167     
  0.66512526096310465     
  0.68701280187690861     
  0.57255924231103417     
  0.70918897764993094     
  0.67112259592764234     
  0.68141805614497741     
  0.68423882748638087     
  0.68060613188563102     
  0.66174628638316191     
  0.65595588407117356     
  0.65691587025136500     
  0.65445873648505926     
  0.61882089065647039     
  0.60015852727814667     
  0.61807655064165146     
  0.62657572675335049     
  0.61217257417244164     
  0.60580149340862710     
  0.66098550905207332     
  0.64030464556085587     
  0.63932398262068468     
  0.65871889945085704     
  0.65695298495590315     
  0.67642926847565321     
  0.58357533004428064     
  0.87865885864651116     
  0.66284777055357325     
  0.67783246954984333     
  0.68057491684934146     
  0.66741778518635786     
  0.64811622230709554     
  0.66772664811274218     
  0.69413770671096575     
  0.69218100344085876     
  0.70264269985348393     
  0.69542588711948017     
  0.66093993772718185     
  0.66843212051782974     
  0.70021855163592095     
  0.71808176938945689     
  0.72136356084675168     
  0.66237008646105822     
  0.61457205251481983     
  0.57976297140038502     
  0.56243862641612896     
  0.57818272606504140     
  0.77189824055923750     
  0.61885960248682625     
  0.61876094850409891     
  0.61221240945895605     
  0.61237195036013914     
  0.62472429337093394     
  0.64770714532750662     
  0.66600734357269231     
  0.66340266299893758     
  0.65402979759554725     
  0.65421308312674353     
  0.64898637505748946     
  0.63159258865698464     
  0.61722937035080194     
  0.60962636625748146     
  0.60089120185649869     
  0.60152636703446005     
  0.63179516805192459     
  0.66644582564994115     
  0.67850756329910500     
  0.67786088743858763     
  0.67770828360161672     
  0.73185839065393432     
  0.75188266521652980     
  0.59227877994226730     
  0.61033550983888729     
  0.62847529700904825     
  0.63072255937577715     
  0.62750442775089166     
  0.62341658391471100     
  0.60813459833065797     
  0.60706461853133831     
  0.63132544400852175     
  0.63582258774152556     
  0.62615179196513293     
  0.62474799347047261     
  0.62821540322812763     
  0.63741090546731172     
  0.64220504493845088     
  0.63688092565247301     
  0.62818549701333726     
  0.61786375658533810     
  0.61003722118631931     
  0.60761346490015256     
  0.68266841879314466     
  0.75109617100529802     
  0.60048082920906976     
  0.61279090849712092     
  0.62785826308197179     
  0.62933040351420511     
  0.62379293283314108     
  0.62101102891812487     
  0.60815750079319175     
  0.61097517325121875     
  0.63192342569130799     
  0.63158104488811473     
  0.62463861340854554     
  0.62302124215174470     
  0.62335098450948079     
  0.62894982952094614     
  0.63459848769445837     
  0.62715131645112654     
  0.61608122528301523     
  0.60825347093887050     
  0.60501208657753325     
  0.60615764406330552     
  0.69404641487522167     
  0.75112502559059358     
  0.60783880353727016     
  0.61152108544662509     
  0.61841117625879216     
  0.62018796105571516     
  0.61935774048220793     
  0.62635796229805862     
  0.62543936778113951     
  0.63381235939251646     
  0.64795546588700026     
  0.64545896438563677     
  0.64445549917130462     
  0.64289432748952069     
  0.63914375300350534     
  0.63068759326075419     
  0.62743655917704855     
  0.61490320708205737     
  0.60024280916148087     
  0.60112958030935637     
  0.60350484641236068     
  0.60440397469726403     
  0.70965616781927443     
  0.74354683848343606     
  0.61456325831040159     
  0.61276278539631734     
  0.61259418789139253     
  0.61701370579762671     
  0.62782944028164434     
  0.65470988805160002     
  0.67654525926124709     
  0.69522545256257295     
  0.70641949811528493     
  0.70596906339678933     
  0.70814553564109806     
  0.70337491961935850     
  0.69428302785835982     
  0.66840556039912546     
  0.64244523673295650     
  0.61956552906796347     
  0.60161433540993892     
  0.60502917274711732     
  0.60603925565485206     
  0.60379561671957815     
  0.70691705996624377     
  0.73256024640952588     
  0.63004703993877775     
  0.61874477796874261     
  0.61267717573814429     
  0.62422456116764269     
  0.65045966712678616     
  0.69993624508356278     
  0.75268804201017636     
  0.79997267128494354     
  0.82261009602699386     
  0.82870772850662222     
  0.83198325411110474     
  0.81866839711213168     
  0.79810684010370669     
  0.74835274109294636     
  0.68519854374433242     
  0.64152179475909754     
  0.61595847722440134     
  0.60989822030336516     
  0.60542660765078327     
  0.60251369191482673     
  0.67703446798663314     
  0.71811662731001669     
  0.64043546842725785     
  0.62613736858560864     
  0.61711792497117468     
  0.63205894032215104     
  0.67629572769877422     
  0.75162905512472222     
  0.83802436059984631     
  0.91442115041554650     
  0.95395613028169834     
  0.96726464117181110     
  0.96761214985903299     
  0.94832773428715911     
  0.91310399605044212     
  0.83798100684668497     
  0.73860831776071445     
  0.66802978886311437     
  0.63105834912609315     
  0.61792710614629487     
  0.60904775750731954     
  0.60624219132836943     
  0.65879057312215705     
  0.71273077334807644     
  0.64016514153193393     
  0.63018291020390294     
  0.62085610612033060     
  0.63504596648609279     
  0.69038836599101261     
  0.78328371600810354     
  0.89464264904350166     
  0.98522268433026350     
   1.0306277075576222     
   1.0451228145213123     
   1.0366741966742063     
   1.0173687419752162     
  0.97729551234872847     
  0.89373008863655901     
  0.78099690254497500     
  0.68899539512257058     
  0.63999741818102540     
  0.62198094818190475     
  0.61405993730332298     
  0.61046244817636652     
  0.66971979767188772     
  0.72003142630427530     
  0.63086408584458142     
  0.62337698723807300     
  0.61819506496039067     
  0.63646898777362670     
  0.68894355276022279     
  0.77705812211325875     
  0.88996714129619847     
  0.97707790526107208     
   1.0201104849263871     
   1.0375840282948707     
   1.0281907298014739     
   1.0113007771731599     
  0.97221621822962023     
  0.88946861142858902     
  0.77982967486699639     
  0.68793363981940003     
  0.63734324489825489     
  0.62142779707999685     
  0.61815300260090400     
  0.61223713554535186     
  0.68523851267853841     
  0.73098379476457720     
  0.62343998206212980     
  0.61769909767580955     
  0.61931318111094080     
  0.63954551799794868     
  0.67821629668199457     
  0.74098376517209907     
  0.82722589481693976     
  0.89780057825732928     
  0.93382747504460706     
  0.94914876149779726     
  0.94551568380109896     
  0.93546735107290369     
  0.90353636957328232     
  0.82969337100855778     
  0.73463053989811866     
  0.66101818514223265     
  0.62153224898017678     
  0.61468308991441833     
  0.61969625176779641     
  0.61604638366528575     
  0.70342388674085909     
  0.74069582268818313     
  0.62737619339958617     
  0.61914899898166553     
  0.61889185381100476     
  0.62973443006051355     
  0.65358559134990812     
  0.69319466861267287     
  0.74334815148504041     
  0.79115730398814033     
  0.81935501878607031     
  0.82773811584641199     
  0.82547616815234992     
  0.81965199885973339     
  0.79851762609554700     
  0.74831573671830742     
  0.68381080087601531     
  0.63545083376491340     
  0.60751359056054699     
  0.60614134836494782     
  0.61790812419523489     
  0.61892088343036356     
  0.71786956321959094     
  0.75069346030309692     
  0.63940474969141725     
  0.62974686688529802     
  0.62268777700373312     
  0.61924354044747776     
  0.63133975334563164     
  0.65803973824041673     
  0.68744160642472907     
  0.71767624500019356     
  0.73343262625877115     
  0.73519171952108509     
  0.73105427785501020     
  0.72580480038180206     
  0.71467995410549645     
  0.68572369722124271     
  0.64959467281718597     
  0.62473266884766354     
  0.60674135839447552     
  0.60341679459292696     
  0.60970032500546945     
  0.61158288909550818     
  0.71265388150916931     
  0.74451923786816576     
  0.64352515616241723     
  0.63487863598143812     
  0.62452001022224335     
  0.61761472600904532     
  0.62526553323098344     
  0.64354172733171411     
  0.66549004828108982     
  0.69031827998155670     
  0.70077997160693972     
  0.70056808315747199     
  0.69746201288165088     
  0.69104519323687108     
  0.68207346711948957     
  0.66257470406858043     
  0.63526447560068000     
  0.61603707082666992     
  0.60378337544527760     
  0.60151123810972029     
  0.60398224423052260     
  0.60449663574377954     
  0.67390287055967302     
  0.72466891534471456     
  0.64026247509998957     
  0.63399484981824483     
  0.62598342467988877     
  0.62327315880223377     
  0.62942007244267351     
  0.64446348419794530     
  0.67055429890384088     
  0.70062155907040136     
  0.71616004382093879     
  0.72017880109530430     
  0.71928995297074683     
  0.70969774312090428     
  0.69352741863512424     
  0.66962630244786669     
  0.63788977191136964     
  0.61182784470416773     
  0.60118562929883312     
  0.59942743267755605     
  0.60121075342534502     
  0.60224003336324639     
  0.62484966724613722     
  0.72206808801326106     
  0.63805588312991690     
  0.63197588098325408     
  0.62542924202261951     
  0.62697827324737099     
  0.63688122251308155     
  0.65597724441974259     
  0.68825252853062502     
  0.72188115389476337     
  0.74275279915591275     
  0.75294447704718181     
  0.75290779368157501     
  0.74154379145169891     
  0.72443438980678865     
  0.69528713330749203     
  0.66178503608135275     
  0.63002293891292571     
  0.61302304029943500     
  0.60708561051011478     
  0.60602917733474859     
  0.60950349864298992     
  0.60271633224360144     
  0.73214150639649334     
  0.64316711578383112     
  0.63497617813505303     
  0.62762573299311264     
  0.62901094632658894     
  0.64103707807998522     
  0.66667686695605810     
  0.70386691188355699     
  0.73257156341884899     
  0.75272850640759759     
  0.76860325186171774     
  0.77299205205307975     
  0.76324460422138707     
  0.74763760954110692     
  0.71946104693914392     
  0.68468811603605428     
  0.64994460697860545     
  0.63029403084037472     
  0.62215350443093198     
  0.61841425543532802     
  0.62290055480848483     
  0.59883376476585626     
  0.73543203890837039     
  0.64557863357788514     
  0.64041977943939199     
  0.63882855361032154     
  0.63948665155339868     
  0.64824452420022904     
  0.67085929632318186     
  0.70185247828807573     
  0.72506968126268179     
  0.74209812123620245     
  0.75986440973882841     
  0.77314675691618961     
  0.76568434781594752     
  0.74495208076054087     
  0.71950519199494833     
  0.68617212535962402     
  0.65505158718204093     
  0.64107394893548775     
  0.63473811347669029     
  0.63118654667964480     
  0.63639322092521233     
  0.59025509522822572     
  0.73801878995136705     
  0.65001070915655002     
  0.64603316928954668     
  0.64866111932042902     
  0.65054009031370152     
  0.65551466923279489     
  0.66888392674667696     
  0.68474747026875560     
  0.70059461700495818     
  0.71164579237504377     
  0.72854225375644777     
  0.75025976847424303     
  0.74365943513045329     
  0.72086935066032842     
  0.70150471252713242     
  0.68071143205105555     
  0.66222825309452349     
  0.65235012198510234     
  0.64956960061936031     
  0.65228366007526339     
  0.65573011941621451     
  0.57184358203236574     
  0.74002189392847784     
  0.66031707919229332     
  0.65618069072847907     
  0.65604154103673129     
  0.65587651091333088     
  0.65696826523901952     
  0.65954326973918231     
  0.66179746725305300     
  0.67058976741351395     
  0.67603831750555199     
  0.68748334473593975     
  0.70774670122937233     
  0.70391651968440416     
  0.68339000405480788     
  0.67211786357074554     
  0.66846815892251554     
  0.66227510551676549     
  0.65738180795564882     
  0.65764842856571293     
  0.66494483372421098     
  0.66762602277471339     
  0.55293436020487030     
  0.72840020661424254     
  0.66194632538320342     
  0.66256262639310892     
  0.66439930816739889     
  0.66481101910463070     
  0.66080836309083391     
  0.65386126295796143     
  0.65028423190369167     
  0.65228388666980375     
  0.64616119195530664     
  0.64736731799323732     
  0.66220684114303985     
  0.66200860858640409     
  0.64695455223941922     
  0.64248809615777169     
  0.65289125042332297     
  0.65092338284495188     
  0.64908032286902451     
  0.65208987833327681     
  0.65754907795474571     
  0.66481708400862083     
  0.55249260098035202     
  0.71735206058793910     
  0.66397464680465634     
  0.66739893635365100     
  0.66918648822417826     
  0.66666455725128726     
  0.65840876779571089     
  0.65260058738224469     
  0.65035085481388755     
  0.64659937746432472     
  0.63307816399081718     
  0.62695585121174402     
  0.63453516790911657     
  0.63712455771302201     
  0.63009218255598909     
  0.63024781426234155     
  0.64699575503586348     
  0.64390544745808331     
  0.64231189578214221     
  0.64781356169956106     
  0.65149719679391105     
  0.65931037929435821     
  0.55662329550784861     
  0.84717043607357767     
  0.65438947281671289     
  0.65962107217406907     
  0.65925728025336849     
  0.64974247897582482     
  0.64035916351840771     
  0.64767821078788335     
  0.66026152797477777     
  0.66229491095769377     
  0.66047446279115773     
  0.64990884765690060     
  0.63411288747521322     
  0.63657939716004486     
  0.65205162775750758     
  0.66295962525617447     
  0.65802070514994082     
  0.62201736129576513     
  0.58216184130907167     
  0.55178167508994813     
  0.53649719950145625     
  0.53844319506398375     
  0.73601776316531253     
  0.55517055556024808     
  0.58472684884609649     
  0.58296284524576825     
  0.58561908690557674     
  0.59487891497922663     
  0.60814541552681178     
  0.61782611234019746     
  0.61829038675127990     
  0.61419111232593571     
  0.61048549957189446     
  0.60308044392092486     
  0.59059317527639155     
  0.57909896142715012     
  0.57248813100430507     
  0.57130486021460614     
  0.57965530815590149     
  0.60074955697646026     
  0.62436644115263251     
  0.63910893479208475     
  0.64535459534263584     
  0.64775455460011433     
  0.66988386362003227     
  0.72237585750875877     
  0.60228612038291540     
  0.60941415054584602     
  0.61858127079558323     
  0.62411474384418208     
  0.62706027715907697     
  0.62873410023090703     
  0.62872274262357508     
  0.63387932003449010     
  0.64469137321540471     
  0.64892532217712973     
  0.64633937719299484     
  0.64319234506705225     
  0.64089723694618650     
  0.63934520367455494     
  0.63581204221825982     
  0.62856379678362129     
  0.61977004829116589     
  0.61166965333207657     
  0.60621294588891339     
  0.60417312014556557     
  0.67056270401244844     
  0.72065073596415252     
  0.60488200003223347     
  0.61041052950252284     
  0.61843711103832766     
  0.62409725549795014     
  0.62817953131314863     
  0.63260858630251160     
  0.63601256467751843     
  0.64395515148083715     
  0.65513466824249256     
  0.65893478086692470     
  0.65680947119130184     
  0.65294988257764508     
  0.64822971924472306     
  0.64317996985383752     
  0.63661799360947613     
  0.62638551692944688     
  0.61561046819143894     
  0.60783344032270281     
  0.60380932319723446     
  0.60293233968103388     
  0.67486533005548388     
  0.71789030447367663     
  0.60852285359070379     
  0.61139477082231730     
  0.61733133864289913     
  0.62451759313341237     
  0.63377492590853457     
  0.64658983332813680     
  0.65923050794245208     
  0.67337391544952718     
  0.68600812051453630     
  0.69049789452814125     
  0.68948446521236351     
  0.68401704682472864     
  0.67419011840688037     
  0.66019031898398439     
  0.64476305007292078     
  0.62778403626718771     
  0.61317347753636964     
  0.60578015588106116     
  0.60291534207047559     
  0.60240960213050820     
  0.67914351373180060     
  0.71229197472977435     
  0.61350441546917056     
  0.61415727813692533     
  0.61875527228763716     
  0.62975380519056112     
  0.64869791552139633     
  0.67600286526226783     
  0.70449776062101022     
  0.72999792427204568     
  0.74767582179513958     
  0.75496068551528339     
  0.75465393223172117     
  0.74567597325581880     
  0.72790484240413345     
  0.70021625485620143     
  0.66902857845621611     
  0.64050992962337061     
  0.61937878559603932     
  0.60934879170664147     
  0.60488283488099936     
  0.60325049374772144     
  0.67497297955815649     
  0.70485454306188677     
  0.62091137478351988     
  0.61944450066682533     
  0.62374886979192012     
  0.64052303146879319     
  0.67189258127163198     
  0.71709606395931424     
  0.76635897602060077     
  0.80964410588939362     
  0.83767501126121069     
  0.84995723913284316     
  0.84969982696322865     
  0.83519572083945459     
  0.80667506533731237     
  0.76158794673677443     
  0.70908147942919952     
  0.66415336263251068     
  0.63313934702795160     
  0.61660200249358366     
  0.60827297405912306     
  0.60504154846140168     
  0.66187860654700581     
  0.69740662263144104     
  0.62687703414413198     
  0.62495151379350522     
  0.63000402514388310     
  0.65202740749311572     
  0.69561238673441839     
  0.75850309852460762     
  0.82841999399010879     
  0.88953306801162491     
  0.92882452392577863     
  0.94604250080321550     
  0.94488035819570027     
  0.92526003567684934     
  0.88634215783591885     
  0.82493366434155835     
  0.75222248845947337     
  0.69009191543546211     
  0.64827144911070911     
  0.62521033563614525     
  0.61332231444427798     
  0.60878598070880852     
  0.65356016971891928     
  0.69463900033854953     
  0.62853200075993554     
  0.62768960944461960     
  0.63401972657840178     
  0.65907331907955291     
  0.70996314840951447     
  0.78377575102893127     
  0.86682825625703552     
  0.93811961414319511     
  0.98338165901820618     
   1.0028264138315095     
   1.0000044590179455     
  0.97802446536046406     
  0.93399089746077002     
  0.86437511161279268     
  0.78096115565346957     
  0.70751221783742146     
  0.65801427438770477     
  0.63111530598855337     
  0.61809556437178725     
  0.61297798004118687     
  0.65751902361498205     
  0.69856922841749625     
  0.62614043564418664     
  0.62619799788312924     
  0.63396497998359291     
  0.65992498716900316     
  0.70994907605609414     
  0.78224226537898311     
  0.86488574812626151     
  0.93536576054948339     
  0.98019478077949695     
   1.0001089419067168     
  0.99744831420830904     
  0.97639449922608501     
  0.93297823077428654     
  0.86372507149806577     
  0.78077214280546869     
  0.70713528499307776     
  0.65749358134494862     
  0.63175646647199368     
  0.62058777723231418     
  0.61581728790061574     
  0.66746596124003443     
  0.70665278798162423     
  0.62385899404287348     
  0.62407501580808844     
  0.63214025143406949     
  0.65545463992210806     
  0.69716276029128543     
  0.75659840275007273     
  0.82555584229804890     
  0.88573994264189848     
  0.92488917072469390     
  0.94282332489916598     
  0.94171014426311750     
  0.92446541873527288     
  0.88676569570524100     
  0.82555059788813467     
  0.75280754939994499     
  0.68932531986123968     
  0.64704459945598858     
  0.62686422858144764     
  0.61999428412527158     
  0.61713561262377181     
  0.67787850298191799     
  0.71577832932412611     
  0.62529841149135479     
  0.62416318733139176     
  0.62923572775747671     
  0.64558880793396967     
  0.67590654995369415     
  0.71943510407912481     
  0.76965234613362321     
  0.81527835237123281     
  0.84607673350897372     
  0.85985695160296005     
  0.85917986501473442     
  0.84599719773176485     
  0.81691765280356410     
  0.76985941059689644     
  0.71437734825322463     
  0.66629184059931523     
  0.63393885299155361     
  0.61948767833781104     
  0.61651409581568539     
  0.61590680362475847     
  0.68183580813622402     
  0.72275085213874146     
  0.62950400317200239     
  0.62680303827988681     
  0.62743104619307621     
  0.63578240622735127     
  0.65597957197203105     
  0.68699581408636168     
  0.72271082605679338     
  0.75600078978373653     
  0.77843978013327053     
  0.78792511061625803     
  0.78670010091435505     
  0.77626311364631650     
  0.75497622562600131     
  0.72131932913105234     
  0.68211522590936424     
  0.64819974130904512     
  0.62444414087377897     
  0.61320493689311295     
  0.61086707407770691     
  0.61100005860663120     
  0.67110597065373800     
  0.72201563709328986     
  0.63165161005414050     
  0.62834758466809404     
  0.62637995281699577     
  0.63043399897866192     
  0.64465348632464869     
  0.66805495639820411     
  0.69619124409633282     
  0.72334296478906901     
  0.74154073695938383     
  0.74917281802994518     
  0.74804768974779512     
  0.73877326386625031     
  0.72121893901989975     
  0.69478132727678421     
  0.66385753532068037     
  0.63690662123416597     
  0.61811554332695140     
  0.60876709501182669     
  0.60608626126528375     
  0.60594054118354546     
  0.64323701820818457     
  0.71601519540188185     
  0.63131576591088223     
  0.62829147212680980     
  0.62620213820538384     
  0.62970417948900181     
  0.64173435994623185     
  0.66228325306523805     
  0.68902340744343438     
  0.71579222776294504     
  0.73454065943124369     
  0.74340861980744144     
  0.74326848565245729     
  0.73391265617537960     
  0.71606947226742668     
  0.69047403073422153     
  0.66075339048603998     
  0.63434653785113604     
  0.61672021822371004     
  0.60771034504664478     
  0.60457682566321003     
  0.60422695355828837     
  0.60997486857991856     
  0.71505203992812805     
  0.63158997476199108     
  0.62864740489057791     
  0.62693107906049572     
  0.63117292053900387     
  0.64363054821627275     
  0.66468522308827105     
  0.69242357821503053     
  0.71995933046121408     
  0.74042161040913967     
  0.75182599014325469     
  0.75325989740930155     
  0.74426064478965215     
  0.72634552890241744     
  0.70016993171169994     
  0.67010539828958449     
  0.64243013427013729     
  0.62331010975798873     
  0.61293687724628454     
  0.60874762445567931     
  0.60844619231396391     
  0.58657983787228463     
  0.71969979463457090     
  0.63463826871447959     
  0.63153220091829232     
  0.62994991708002712     
  0.63421112151593573     
  0.64676952030421975     
  0.66835424744415339     
  0.69593485170080749     
  0.72183010348700061     
  0.74216419923810328     
  0.75580815217295538     
  0.75988406994706037     
  0.75246861462467285     
  0.73551054886223377     
  0.71028867287845110     
  0.68086651470228077     
  0.65323913695395996     
  0.63383711504447793     
  0.62285935243144974     
  0.61793613023196770     
  0.61763007532216119     
  0.57323597322483077     
  0.72402740560566914     
  0.63872682066213082     
  0.63649455478705264     
  0.63617685910216548     
  0.63997504281545270     
  0.65045654630948890     
  0.66887917604930458     
  0.69206055691734158     
  0.71385167670260674     
  0.73197630588528395     
  0.74642425350467523     
  0.75367845566458880     
  0.74822837893274052     
  0.73199805413549057     
  0.70934806051593369     
  0.68326055004152020     
  0.65918703751300634     
  0.64275756430753339     
  0.63333703075706294     
  0.62904418512685578     
  0.62887759533972942     
  0.56190099921226910     
  0.72698369498310411     
  0.64399269221988908     
  0.64244901257445231     
  0.64303512687206887     
  0.64606600179726204     
  0.65308847291641925     
  0.66523713064117895     
  0.68042742522502631     
  0.69598584849726830     
  0.70989380643419164     
  0.72316572356310616     
  0.73250310043590938     
  0.72882764720361004     
  0.71448250530991586     
  0.69673377310176832     
  0.67807598486849741     
  0.66116150470065493     
  0.64928062099308392     
  0.64286811376983566     
  0.64079576222109991     
  0.64074303875930905     
  0.54912644557237789     
  0.72721761376973026     
  0.65020597315222550     
  0.64902234832028061     
  0.64920243373513309     
  0.65059462700807247     
  0.65363994409378123     
  0.65883126558487470     
  0.66588849703896691     
  0.67476190535852820     
  0.68322306603713867     
  0.69280628114208465     
  0.70133171427695928     
  0.69930750380476769     
  0.68826744514790184     
  0.67683407884882496     
  0.66727753180172555     
  0.65802671367548826     
  0.65088540715693266     
  0.64751566588054454     
  0.64759314087480091     
  0.64805840188605646     
  0.53803170908573339     
  0.72225227411632775     
  0.65392635291862500     
  0.65391464487854001     
  0.65438300687452122     
  0.65458579624375390     
  0.65412929560099442     
  0.65402722302808414     
  0.65565907689103076     
  0.65875604863841097     
  0.66083676456113249     
  0.66504333314789632     
  0.67094842590200399     
  0.67032629540149979     
  0.66321229502743639     
  0.65753155742717317     
  0.65531312253738927     
  0.65098756984356843     
  0.64703153469595398     
  0.64580204096019611     
  0.64682278665611237     
  0.64854866297003522     
  0.53386638593404634     
  0.71714687929125431     
  0.65593466394585831     
  0.65672977014285194     
  0.65721151694187674     
  0.65622819360789608     
  0.65374975031390314     
  0.65201421815144389     
  0.65179411698807743     
  0.65151660921797128     
  0.64947673653965809     
  0.64975415744821430     
  0.65303173944598802     
  0.65327108351980667     
  0.64943921299320428     
  0.64733164396781440     
  0.64873384237682286     
  0.64614517676233885     
  0.64336987106363674     
  0.64319749860704789     
  0.64445435785998451     
  0.64672854587504769     
  0.53389578609585397     
  0.80975629917131708     
  0.64043668662642117     
  0.64066470897515371     
  0.63783061741978853     
  0.63107472604855330     
  0.62488795072403391     
  0.62463709425538616     
  0.62684790045529315     
  0.62531027820332097     
  0.61968393546373990     
  0.61059309078294322     
  0.60213602368368080     
  0.60130260618986719     
  0.60609342049954373     
  0.60833537187566611     
  0.60005758863365810     
  0.57698197059195500     
  0.54886637770155633     
  0.52548198777854549     
  0.51208804477236580     
  0.50881895089120277     
  0.67144455484146492     
  0.47707518926429154     
  0.55836534572102248     
  0.55819139183736166     
  0.56055670104553734     
  0.56612703296231481     
  0.57309816880523823     
  0.57810196866700136     
  0.57894257281645867     
  0.57648130198636627     
  0.57199489507003698     
  0.56503239785415527     
  0.55620410339676041     
  0.54847756909562084     
  0.54477588716196468     
  0.54689453529257503     
  0.55612243218467128     
  0.57175188044435499     
  0.58910678776969583     
  0.60308274233587178     
  0.61198278681923612     
  0.61633324430482073     
  0.60174965172584383     
  0.69410434726224424     
  0.60852497168217068     
  0.61235059769727551     
  0.61891006252350100     
  0.62647129552760439     
  0.63449076166393337     
  0.64281197126406653     
  0.65121957810532527     
  0.66034561987133500     
  0.66886246478474587     
  0.67317567541699219     
  0.67243111526500321     
  0.66809600066135300     
  0.66137682145074583     
  0.65295167193511472     
  0.64299782499919833     
  0.63202225072940310     
  0.62150141631088862     
  0.61298068072150202     
  0.60745857301569528     
  0.60506613793322361     
  0.65398458105726998     
  0.69218434945081375     
  0.60992497261002576     
  0.61353175169184648     
  0.62027016946302005     
  0.62889279931088837     
  0.63898354385045908     
  0.65027268073331324     
  0.66194837775630655     
  0.67381036747318446     
  0.68395136123086187     
  0.68897439571142993     
  0.68825248481173340     
  0.68289016678048664     
  0.67393910537789070     
  0.66237513618630905     
  0.64906481785888404     
  0.63505452282183428     
  0.62236000554529136     
  0.61285278986365188     
  0.60715410926226931     
  0.60487975405394645     
  0.65433355845555830     
  0.68877720024592914     
  0.61271085128208669     
  0.61605125122499282     
  0.62336394732902123     
  0.63455263100735204     
  0.64949706611105962     
  0.66745203881547066     
  0.68623717996379319     
  0.70388970217264091     
  0.71754734409969256     
  0.72427498524225153     
  0.72364376276411702     
  0.71614948605101192     
  0.70263318692606402     
  0.68445249672715081     
  0.66398086046163829     
  0.64375188864355271     
  0.62669147487756327     
  0.61493252361667616     
  0.60830419574836303     
  0.60572368776921737     
  0.65372546409631127     
  0.68419066792591510     
  0.61689572594747200     
  0.62024616034815105     
  0.62888610543260048     
  0.64427861476982540     
  0.66678030529022370     
  0.69490905843530648     
  0.72455532798314848     
  0.75123118190054472     
  0.77070195365329475     
  0.78032965853529357     
  0.77973414606457359     
  0.76897085737052684     
  0.74877752678537135     
  0.72092079746004556     
  0.68968129670955203     
  0.66013464422693768     
  0.63642240267953898     
  0.62061563901986838     
  0.61172525737644134     
  0.60810182113792688     
  0.65006252470148862     
  0.67924896169213145     
  0.62208975367127994     
  0.62575332685164442     
  0.63634670591649578     
  0.65694849970243763     
  0.68845127676422291     
  0.72859907355085440     
  0.77132444737374251     
  0.80935730838915754     
  0.83649335990671336     
  0.84991321365268890     
  0.84925713433645988     
  0.83449025433516799     
  0.80642653110296991     
  0.76725285404199395     
  0.72315195539119770     
  0.68228351255865705     
  0.65028631999977060     
  0.62900122943081060     
  0.61686777204911003     
  0.61176094338449816     
  0.64419359250265362     
  0.67534647970236672     
  0.62670412657403285     
  0.63100399067351476     
  0.64367880405630062     
  0.66908714785779466     
  0.70883354161331036     
  0.76001927690751292     
  0.81486848979204229     
  0.86354101677156980     
  0.89800648064710553     
  0.91496518618391343     
  0.91412276124294600     
  0.89575411069417998     
  0.86065136054385216     
  0.81135768978486289     
  0.75558142226085001     
  0.70409180861353549     
  0.66419761606973937     
  0.63773067893508695     
  0.62260891577056698     
  0.61615355044885955     
  0.64061669309506153     
  0.67440272639117615     
  0.62928101116195845     
  0.63423961516870331     
  0.64841857550077520     
  0.67676726558588196     
  0.72141450147729469     
  0.77919384007752801     
  0.84138204510891235     
  0.89641297245017826     
  0.93522343507788142     
  0.95425162870915015     
  0.95322294383151862     
  0.93287860438472037     
  0.89383332743401300     
  0.83877151562829355     
  0.77616742702402519     
  0.71810822880798930     
  0.67327269162906767     
  0.64379458076589680     
  0.62716879338452092     
  0.62006272419318686     
  0.64196112436222519     
  0.67735639169733997     
  0.62960945347485286     
  0.63477332230668559     
  0.64928344971132435     
  0.67782879243329253     
  0.72236449598413377     
  0.77994885651678547     
  0.84219137129605037     
  0.89735732453775363     
  0.93639242361511899     
  0.95571147014945623     
  0.95488821457714446     
  0.93476516842790736     
  0.89574901085135805     
  0.84050430675809951     
  0.77760231506005861     
  0.71918326086170348     
  0.67420470999044801     
  0.64505593188549160     
  0.62902019678859844     
  0.62221834157892086     
  0.64619520057423030     
  0.68337841769404017     
  0.62896402069733581     
  0.63361593899066238     
  0.64686906242687237     
  0.67261925501616382     
  0.71228738975169315     
  0.76341376066443911     
  0.81892420057298143     
  0.86858080421182293     
  0.90411458043538828     
  0.92197557971909117     
  0.92160993324420504     
  0.90360136898353383     
  0.86818837289247131     
  0.81788249375951783     
  0.76071426774163486     
  0.70778972667779227     
  0.66721005896886398     
  0.64136797871536066     
  0.62766505364183878     
  0.62203868129371931     
  0.64933557024794097     
  0.69056685461646272     
  0.62870479330022555     
  0.63210763933331660     
  0.64254215242428447     
  0.66322702664349209     
  0.69539631923212930     
  0.73705050781013581     
  0.78247997467241259     
  0.82368896304208805     
  0.85361585233854342     
  0.86879873779871419     
  0.86865810017989253     
  0.85356856095777589     
  0.82381894028094138     
  0.78170274658050154     
  0.73401926992800470     
  0.68991527366625505     
  0.65602017502522769     
  0.63464174631578407     
  0.62373394785426439     
  0.61952373407552319     
  0.64673329784144662     
  0.69655153384852386     
  0.62899611599719740     
  0.63094920296002266     
  0.63805806315523494     
  0.65324444653528568     
  0.67795287031665208     
  0.71063336475570693     
  0.74666035315499202     
  0.77980923488401799     
  0.80415816266272211     
  0.81657076026624364     
  0.81643289667392138     
  0.80403409367304624     
  0.77987734362867067     
  0.74601314790372242     
  0.70785044763808413     
  0.67247194844396363     
  0.64500547016761067     
  0.62750470187304286     
  0.61863177313209250     
  0.61539704279382856     
  0.63479237580509118     
  0.69935731898899545     
  0.62903584832428505     
  0.62991255920028821     
  0.63449028836682808     
  0.64559293161027798     
  0.66477984245508670     
  0.69096348793127438     
  0.72048689002656519     
  0.74818726822568249     
  0.76883326318088363     
  0.77956043070623138     
  0.77963603998326114     
  0.76918529680426928     
  0.74894470256582568     
  0.72085754946713099     
  0.68925973246393413     
  0.65986685572326531     
  0.63690786424517620     
  0.62206047374997020     
  0.61437762917039862     
  0.61160101188920712     
  0.61385440681991243     
  0.70000970511551597     
  0.62889292935551533     
  0.62920676350173010     
  0.63243587787254985     
  0.64129214067588725     
  0.65727508903007204     
  0.67974358104216093     
  0.70583999342169690     
  0.73090023122720837     
  0.75006654405340722     
  0.76052520885987163     
  0.76124303894718748     
  0.75209290110161053     
  0.73395460033870152     
  0.70884181182120265     
  0.68057555248797197     
  0.65415012038806386     
  0.63350555154933652     
  0.62000102772476695     
  0.61284322783525369     
  0.61021823914105089     
  0.58954750299808634     
  0.70170911904096245     
  0.62958566692039242     
  0.62959393729206881     
  0.63215512371275850     
  0.63988590287289504     
  0.65422278691034641     
  0.67478071765447456     
  0.69908162593753354     
  0.72275703481317655     
  0.74145479973796358     
  0.75243815421816473     
  0.75419458594193756     
  0.74627808409043339     
  0.72961782651077400     
  0.70624578696087348     
  0.67981450647135699     
  0.65487497546319440     
  0.63523069327776482     
  0.62220879002012530     
  0.61515434998825425     
  0.61255698245095014     
  0.56847566858539567     
  0.70533325985293904     
  0.63185096567773824     
  0.63168044499395626     
  0.63381382432811706     
  0.64063861216744677     
  0.65354640697592115     
  0.67231936404194115     
  0.69461299639426455     
  0.71643331054647419     
  0.73428017366555787     
  0.74572856883870065     
  0.74877365775715288     
  0.74236961988015204     
  0.72737556571478446     
  0.70594409783541856     
  0.68153723814399059     
  0.65833994066608059     
  0.63994601109369897     
  0.62759212037910050     
  0.62075900005753037     
  0.61820872075553890     
  0.55260635867121299     
  0.70933065888956748     
  0.63537914758030511     
  0.63525866697337863     
  0.63715769624154650     
  0.64288520816566019     
  0.65364963838368628     
  0.66940980897922830     
  0.68820929389014851     
  0.70688429737694447     
  0.72280804786314556     
  0.73400899987243795     
  0.73818278857314490     
  0.73341995403541349     
  0.72042987343555165     
  0.70178699126373667     
  0.68064078380454451     
  0.66058196212935449     
  0.64465921211171795     
  0.63387576419072933     
  0.62783075397774069     
  0.62551007552091775     
  0.54016759747214393     
  0.71237195763748240     
  0.63968153824118057     
  0.63961781459812705     
  0.64119190975706630     
  0.64552466011559051     
  0.65343174095750312     
  0.66496726276704710     
  0.67888009200533594     
  0.69319038524219034     
  0.70600834356573283     
  0.71588969720680440     
  0.72052087894125605     
  0.71728483252488340     
  0.70679457165688819     
  0.69197960580413298     
  0.67556608844374377     
  0.66004369655117501     
  0.64758749392346671     
  0.63914004049535622     
  0.63445712440222579     
  0.63256348576001242     
  0.52972077332644962     
  0.71343817049437963     
  0.64401565282067874     
  0.64397293472835493     
  0.64502639026482023     
  0.64777315391536583     
  0.65263291844411542     
  0.65972924127426080     
  0.66856300238833932     
  0.67814020638427297     
  0.68712872231995870     
  0.69463111103531849     
  0.69873334414350152     
  0.69673547258166413     
  0.68902753410394557     
  0.67851465820574497     
  0.66733433596470504     
  0.65659850239828188     
  0.64772819863343989     
  0.64171259566947014     
  0.63850583573570519     
  0.63720911718897444     
  0.52172765222275153     
  0.71222669214589673     
  0.64723930756629033     
  0.64734806473588591     
  0.64805281260732728     
  0.64950308593906336     
  0.65188186621599764     
  0.65551105906536100     
  0.66041326036931858     
  0.66597273714184135     
  0.67123402788583497     
  0.67595385192549895     
  0.67890874360077280     
  0.67775767871055337     
  0.67257771724133653     
  0.66579735322040090     
  0.65889663751276784     
  0.65181538964352370     
  0.64565096944458844     
  0.64148868333120634     
  0.63940487526962553     
  0.63874860262974320     
  0.51734550546262159     
  0.71056832605223219     
  0.64896886606367132     
  0.64920750074044231     
  0.64971139481462059     
  0.65038646243991083     
  0.65141845291744971     
  0.65335822495633611     
  0.65628861896676971     
  0.65957166440304982     
  0.66251056105650141     
  0.66530965841281198     
  0.66727397305879554     
  0.66654634553031777     
  0.66297187498866861     
  0.65839428125756283     
  0.65380030555444268     
  0.64853603346808564     
  0.64370409490326985     
  0.64048331456359020     
  0.63897007559965346     
  0.63868829320078291     
  0.51608092618511792     
  0.77065661424551180     
  0.62506820628281201     
  0.62324657722226484     
  0.61921777916612153     
  0.61330588682646947     
  0.60737673920690471     
  0.60312219373147335     
  0.59964824130325090     
  0.59492305844277649     
  0.58840089791083749     
  0.58093515334128121     
  0.57457792470513835     
  0.57116692157712168     
  0.56947014831525988     
  0.56571837888959697     
  0.55613989682911058     
  0.53969195578638418     
  0.52029429379156400     
  0.50327945662758100     
  0.49227611232761748     
  0.48789574578349898     
  0.59368323934111100     
  0.41640987690392428     
  0.54273585399475910     
  0.54292632095868654     
  0.54461619634107394     
  0.54801798581894956     
  0.55205646425166965     
  0.55501296929749566     
  0.55563584341245764     
  0.55374234411263357     
  0.54966246970578392     
  0.54381822760369913     
  0.53728032328440800     
  0.53203282859271206     
  0.53017913368404501     
  0.53318628778839128     
  0.54148217765418627     
  0.55397213590737160     
  0.56798000086459988     
  0.58053907801461757     
  0.58974113720351473     
  0.59467418472793010     
  0.55027889685926556     
  0.67537270776538982     
  0.61284529595545878     
  0.61617638109234674     
  0.62269730624152664     
  0.63178933198610354     
  0.64278040210367882     
  0.65489494526073333     
  0.66719421082521646     
  0.67858862357401672     
  0.68748599519920850     
  0.69210453932488214     
  0.69166354299429633     
  0.68649278491513188     
  0.67747080988535524     
  0.66568470211012565     
  0.65234009337945531     
  0.63880047659339501     
  0.62657232627447379     
  0.61693339768703959     
  0.61059449695109713     
  0.60763155453775675     
  0.64139937599554808     
  0.67371251734835402     
  0.61428363751131232     
  0.61785761532927463     
  0.62508975476845219     
  0.63558246215049408     
  0.64871215848020936     
  0.66353285405474383     
  0.67868631202905760     
  0.69258117994928614     
  0.70324496734300468     
  0.70875575077468866     
  0.70828314505447276     
  0.70209386588625000     
  0.69110657824257471     
  0.67665267260109829     
  0.66036911355437000     
  0.64409542328804881     
  0.62971022575010938     
  0.61865699458194068     
  0.61156457461887859     
  0.60832156741547416     
  0.64036935178054388     
  0.67051160044730451     
  0.61723908996721477     
  0.62133675372395281     
  0.63002126735120589     
  0.64332909443504815     
  0.66073555583085308     
  0.68092060745960759     
  0.70169678994494489     
  0.72048965792683528     
  0.73460934408535383     
  0.74188373799810892     
  0.74136623891484477     
  0.73321852489249961     
  0.71844732596387773     
  0.69883919516990589     
  0.67688036803446960     
  0.65535153261689916     
  0.63681048449318456     
  0.62295545053028245     
  0.61426015214506524     
  0.61031460663429693     
  0.63835829615035833     
  0.66664213472448286     
  0.62150987210036968     
  0.62642012747859455     
  0.63722605572876534     
  0.65453783311036118     
  0.67796502699867811     
  0.70565799048640443     
  0.73431305889261089     
  0.76000120307463370     
  0.77903906001422440     
  0.78883435801716884     
  0.78827235478818736     
  0.77743075919875859     
  0.75748912503523069     
  0.73081609310576512     
  0.70103775262379853     
  0.67225286390228389     
  0.64792285307584918     
  0.63003521578011246     
  0.61889184422178545     
  0.61381368609982145     
  0.63527609024807563     
  0.66302285039932995     
  0.62643812813197775     
  0.63233633300922631     
  0.64560535316656176     
  0.66744254428161365     
  0.69760218030547028     
  0.73368423138725680     
  0.77119358729063681     
  0.80471591724075220     
  0.82940023290896880     
  0.84210317933017365     
  0.84151365849168480     
  0.82769817522507905     
  0.80206513134200319     
  0.76760808296304839     
  0.72914734675953885     
  0.69225046773265186     
  0.66138922151513291     
  0.63885732480378377     
  0.62483382720397984     
  0.61838693545597445     
  0.63192415014455972     
  0.66067783605511499     
  0.63092689143575520     
  0.63776950388439924     
  0.65327780960705706     
  0.67911619071350049     
  0.71519213394969583     
  0.75865973603069559     
  0.80400663676712225     
  0.84451197746462747     
  0.87426544287539110     
  0.88958729540321069     
  0.88899757350914432     
  0.87262003978794789     
  0.84206081654839116     
  0.80083939889436273     
  0.75477404966981954     
  0.71069454758433026     
  0.67401856716244368     
  0.64735709053906554     
  0.63077927691126523     
  0.62312681187672170     
  0.62987987910971066     
  0.66060774438464087     
  0.63394189335048035     
  0.64139903130327014     
  0.65829811550373418     
  0.68654213803347330     
  0.72614717779868876     
  0.77403799938790718     
  0.82412180160884319     
  0.86887864766565071     
  0.90175637004906140     
  0.91872262654434322     
  0.91819112386585700     
  0.90034218281253175     
  0.86688235646665990     
  0.82162485947324826     
  0.77096622106623947     
  0.72250092411649558     
  0.68228200375651349     
  0.65317255159356635     
  0.63515410111193460     
  0.62683619797415657     
  0.62984423737563366     
  0.66322935211277123     
  0.63508533547139345     
  0.64257688279418890     
  0.65956491847020338     
  0.68794517705975666     
  0.72773269378654815     
  0.77590310167601861     
  0.82639695680664205     
  0.87162264980628057     
  0.90493512990314651     
  0.92223303060541750     
  0.92186060853482465     
  0.90398073474384066     
  0.87027274181008163     
  0.82457787009421357     
  0.77339018984377583     
  0.72442610027251819     
  0.68387931680312908     
  0.65468416007583385     
  0.63674403089120601     
  0.62850204616901217     
  0.63058012817775555     
  0.66809242181009898     
  0.63471279637850642     
  0.64159092017849406     
  0.65727436565198027     
  0.68349364248127020     
  0.72025008697354020     
  0.76479747811704257     
  0.81163862489416527     
  0.85379348803480293     
  0.88502964189558742     
  0.90139391266918323     
  0.90123171504707122     
  0.88462720691675234     
  0.85312525788785543     
  0.81036569420405735     
  0.76247768026377438     
  0.71669990454147359     
  0.67885694280343345     
  0.65174714006279599     
  0.63524333258814603     
  0.62774045780232968     
  0.62950617134214881     
  0.67401333661656737     
  0.63354479808172937     
  0.63929063643280393     
  0.65260083915079581     
  0.67505737305386049     
  0.70672086757403607     
  0.74527638508571448     
  0.78602605912142232     
  0.82296026207739836     
  0.85055438952684748     
  0.86515504902339835     
  0.86516804719073093     
  0.85060897776454103     
  0.82286850959222935     
  0.78522309584519734     
  0.74309361247505989     
  0.70282172646268970     
  0.66952041150073360     
  0.64572296695054088     
  0.63135699478204443     
  0.62491764913843839     
  0.62383215778053014     
  0.67957024092415341     
  0.63215185550579844     
  0.63658154507260756     
  0.64714967146976365     
  0.66536695885533748     
  0.69146098369084619     
  0.72359277097384223     
  0.75786374903916787     
  0.78922803298263677     
  0.81289378911393717     
  0.82557081655568532     
  0.82575559799951381     
  0.81340058878946186     
  0.78976567369350847     
  0.75772018751202586     
  0.72188170808858387     
  0.68758009951877597     
  0.65913266118946412     
  0.63876246171397844     
  0.62650209200980311     
  0.62106948399947781     
  0.61192826545073309     
  0.68383635856400138     
  0.63087992319842234     
  0.63414295714269209     
  0.64229382966679183     
  0.65681882463021979     
  0.67812397623739051     
  0.70481156955438751     
  0.73368582111592573     
  0.76047023031670113     
  0.78096193618656717     
  0.79217111314076305     
  0.79264175579252560     
  0.78224949175723546     
  0.76213150134083396     
  0.73482281101308089     
  0.70425372823013099     
  0.67492763160601277     
  0.65051712446171150     
  0.63295859129401022     
  0.62235906379049055     
  0.61768191700275488     
  0.59451356366549735     
  0.68708545667898635     
  0.63013138573080429     
  0.63253932745095720     
  0.63890423233647209     
  0.65070509153037226     
  0.66847169814629803     
  0.69117456974820590     
  0.71617257270212697     
  0.73974960477086715     
  0.75814275476734283     
  0.76856217665675541     
  0.76951432129026731     
  0.76076009511969189     
  0.74331309994123573     
  0.71946962344361132     
  0.69268998004347870     
  0.66690850939671198     
  0.64536938587964821     
  0.62979496258383938     
  0.62033359500259166     
  0.61614601682734027     
  0.57463597298170332     
  0.69036183085274605     
  0.63039505647093241     
  0.63220802018965927     
  0.63733106127294592     
  0.64720233347470368     
  0.66242464005666812     
  0.68223633137183470     
  0.70440060278579653     
  0.72564871778779960     
  0.74262466847634068     
  0.75270357012223377     
  0.75430792474224240     
  0.74702046074321193     
  0.73172013902540134     
  0.71051551658242940     
  0.68655450472162038     
  0.66336869795248088     
  0.64390552452989269     
  0.62973808754054195     
  0.62106068388058233     
  0.61719222662163908     
  0.55584165459278845     
  0.69415150568201700     
  0.63191693630708146     
  0.63331262676208921     
  0.63750001630587350     
  0.64581472031513476     
  0.65887526493072912     
  0.67611358964828239     
  0.69564083070257232     
  0.71464081106775335     
  0.73021762231364229     
  0.73998374785747201     
  0.74226025202443591     
  0.73640926813229501     
  0.72314177201750973     
  0.70441747528157062     
  0.68310351957174908     
  0.66237378083643117     
  0.64487885086810592     
  0.63205293045322020     
  0.62412445561442498     
  0.62054804289468746     
  0.54007798620662295     
  0.69800426653926717     
  0.63452203801859675     
  0.63560608159134591     
  0.63899158313076898     
  0.64579707651428908     
  0.65658410779066390     
  0.67095227847926864     
  0.68740035391957277     
  0.70367268075958656     
  0.71739876474384356     
  0.72649016898502927     
  0.72924849069942688     
  0.72479180949485722     
  0.71366459614828415     
  0.69768873000527110     
  0.67941780171183663     
  0.66158555613549141     
  0.64646205507338184     
  0.63529561361979459     
  0.62832056332020525     
  0.62512480336346121     
  0.52753647352708222     
  0.70116109114043124     
  0.63773045981955589     
  0.63854770083959955     
  0.64115750972283292     
  0.64639595120875315     
  0.65469858118434898     
  0.66582050461272779     
  0.67870355995246456     
  0.69170594514787243     
  0.70301064978493633     
  0.71089679061769850     
  0.71375386591092360     
  0.71055624587393551     
  0.70168346497507172     
  0.68879393993271754     
  0.67404559461144620     
  0.65959388165576149     
  0.64724643180078190     
  0.63805698198128558     
  0.63227245807246779     
  0.62958038713122189     
  0.51783522151655637     
  0.70302480725491956     
  0.64091485384762470     
  0.64149910851658298     
  0.64337268810989146     
  0.64709621330624245     
  0.65297711376306766     
  0.66089927946663796     
  0.67021266365132981     
  0.67982648703394744     
  0.68842251933049636     
  0.69467550460519600     
  0.69721499201634440     
  0.69501834267234375     
  0.68832156058736016     
  0.67852671638043860     
  0.66732357050514124     
  0.65625177321462569     
  0.64666518990050248     
  0.63946171372739125     
  0.63491001731451058     
  0.63277358116140092     
  0.51089614821585461     
  0.70355042780584731     
  0.64341501788850319     
  0.64384765211228645     
  0.64515959377923970     
  0.64768629013976442     
  0.65163778254727522     
  0.65701803707747297     
  0.66346832797800348     
  0.67024892545386505     
  0.67641098256370957     
  0.68102045937039379     
  0.68301426887113625     
  0.68148835557818899     
  0.67654951949566233     
  0.66929875959161989     
  0.66097258263315095     
  0.65258389749999124     
  0.64517502245718761     
  0.63955265237070535     
  0.63600143091545247     
  0.63435950516766926     
  0.50681654030784307     
  0.70342920516354657     
  0.64479452020960026     
  0.64515773767009232     
  0.64616580827857739     
  0.64802936264447342     
  0.65092313155776382     
  0.65492310439725676     
  0.65979537627907370     
  0.66494976577663567     
  0.66964554480132588     
  0.67318660690193688     
  0.67474340966067503     
  0.67354377193747916     
  0.66961453250768554     
  0.66381290895128919     
  0.65709268259351439     
  0.65016909102854048     
  0.64394103020507187     
  0.63917810738485115     
  0.63618532656013782     
  0.63482857829052763     
  0.50532435819628940     
  0.74073183634633255     
  0.61400128471392434     
  0.61156881381954731     
  0.60715725420915945     
  0.60139502121087685     
  0.59523691699848480     
  0.58940226706356369     
  0.58375235322518870     
  0.57770253651383330     
  0.57107416468854921     
  0.56433430269676910     
  0.55827437582187556     
  0.55324233693166347     
  0.54833379284976580     
  0.54166685546672566     
  0.53158929627598905     
  0.51802506652330049     
  0.50305622247856685     
  0.48975168116656193     
  0.48053903188671887     
  0.47628492771433284     
  0.53021487272378331     
   9.9999932663071301E-005
   9.9999995184628745E-005
   9.9999995404829894E-005
   9.9999996062616491E-005
   9.9999997114049385E-005
   9.9999998428982465E-005
   9.9999999824917590E-005
   1.0000000112047674E-004
   1.0000000215012701E-004
   1.0000000277200598E-004
   1.0000000289782696E-004
   1.0000000252907496E-004
   1.0000000175018041E-004
   1.0000000071879295E-004
   9.9999999606800927E-005
   9.9999998556578315E-005
   9.9999997649709714E-005
   9.9999996943429600E-005
   9.9999996444586378E-005
   9.9999996160645172E-005
   9.9999996084125300E-005
   9.9999928580107761E-005
   9.9999994205248594E-005
   9.9999999209951965E-005
   9.9999999372852135E-005
   9.9999999695831381E-005
   1.0000000017094735E-004
   1.0000000076065606E-004
   1.0000000140854829E-004
   1.0000000205203639E-004
   1.0000000261025044E-004
   1.0000000301483592E-004
   1.0000000320523650E-004
   1.0000000314394764E-004
   1.0000000286373227E-004
   1.0000000239496555E-004
   1.0000000181733039E-004
   1.0000000118578592E-004
   1.0000000058572954E-004
   1.0000000006123028E-004
   9.9999999661520896E-005
   9.9999999399570332E-005
   9.9999999281512195E-005
   9.9999993932316580E-005
   9.9999993814937899E-005
   9.9999999237811610E-005
   9.9999999495276002E-005
   9.9999999966254741E-005
   1.0000000064622636E-004
   1.0000000149732716E-004
   1.0000000245409203E-004
   1.0000000340621661E-004
   1.0000000424980241E-004
   1.0000000486622974E-004
   1.0000000516897798E-004
   1.0000000512175209E-004
   1.0000000473055353E-004
   1.0000000405689118E-004
   1.0000000318732048E-004
   1.0000000223550699E-004
   1.0000000130684125E-004
   1.0000000050310237E-004
   9.9999999883173331E-005
   9.9999999485401048E-005
   9.9999999276749173E-005
   9.9999993477224087E-005
   9.9999993587536522E-005
   9.9999999339128921E-005
   9.9999999716828163E-005
   1.0000000036982996E-004
   1.0000000131909073E-004
   1.0000000252284207E-004
   1.0000000388257784E-004
   1.0000000525751738E-004
   1.0000000647068647E-004
   1.0000000737185439E-004
   1.0000000782824142E-004
   1.0000000778659708E-004
   1.0000000725431239E-004
   1.0000000630786377E-004
   1.0000000506338659E-004
   1.0000000368570164E-004
   1.0000000233875852E-004
   1.0000000117087903E-004
   1.0000000027686995E-004
   9.9999999678699320E-005
   9.9999999356812570E-005
   9.9999993172228191E-005
   9.9999993533393485E-005
   9.9999999497626336E-005
   1.0000000000895785E-004
   1.0000000087786278E-004
   1.0000000214430998E-004
   1.0000000376313750E-004
   1.0000000561226710E-004
   1.0000000748528972E-004
   1.0000000915151122E-004
   1.0000001037998324E-004
   1.0000001102054420E-004
   1.0000001098760214E-004
   1.0000001029234059E-004
   1.0000000901906577E-004
   1.0000000733727215E-004
   1.0000000545689706E-004
   1.0000000362550283E-004
   1.0000000203720648E-004
   1.0000000081328740E-004
   9.9999999985787470E-005
   9.9999999514040384E-005
   9.9999992998167528E-005
   9.9999993620547361E-005
   9.9999999682240609E-005
   1.0000000033237592E-004
   1.0000000142343268E-004
   1.0000000300771268E-004
   1.0000000505536263E-004
   1.0000000740778793E-004
   1.0000000980296275E-004
   1.0000001192744684E-004
   1.0000001350606467E-004
   1.0000001432986559E-004
   1.0000001430909460E-004
   1.0000001344615537E-004
   1.0000001184731185E-004
   1.0000000971354628E-004
   1.0000000733057827E-004
   1.0000000500016747E-004
   1.0000000298011834E-004
   1.0000000142414997E-004
   1.0000000035610304E-004
   9.9999999721094498E-005
   9.9999992920296035E-005
   9.9999993819055685E-005
   9.9999999851812499E-005
   1.0000000061747064E-004
   1.0000000189235417E-004
   1.0000000375145271E-004
   1.0000000616270517E-004
   1.0000000893923042E-004
   1.0000001177156117E-004
   1.0000001429511990E-004
   1.0000001616683864E-004
   1.0000001715535627E-004
   1.0000001714741220E-004
   1.0000001614569915E-004
   1.0000001427346744E-004
   1.0000001176540255E-004
   1.0000000895210875E-004
   1.0000000620559842E-004
   1.0000000382304169E-004
   1.0000000198054980E-004
   1.0000000070868094E-004
   9.9999999930588406E-005
   9.9999992884968608E-005
   9.9999994082209442E-005
   9.9999999973109175E-005
   1.0000000080544962E-004
   1.0000000218837744E-004
   1.0000000421165219E-004
   1.0000000683779748E-004
   1.0000000987073345E-004
   1.0000001297674500E-004
   1.0000001574517202E-004
   1.0000001780175262E-004
   1.0000001889789255E-004
   1.0000001890110134E-004
   1.0000001782494836E-004
   1.0000001578846833E-004
   1.0000001305074913E-004
   1.0000000998044765E-004
   1.0000000697370179E-004
   1.0000000436943342E-004
   1.0000000235040673E-004
   1.0000000095139519E-004
   1.0000000008609277E-004
   9.9999992806220755E-005
   9.9999994380948557E-005
   1.0000000001873847E-004
   1.0000000085518790E-004
   1.0000000225049557E-004
   1.0000000428669118E-004
   1.0000000694298437E-004
   1.0000001001576056E-004
   1.0000001316610756E-004
   1.0000001597843791E-004
   1.0000001808421951E-004
   1.0000001920928598E-004
   1.0000001923018017E-004
   1.0000001814832699E-004
   1.0000001609124577E-004
   1.0000001331712519E-004
   1.0000001019407257E-004
   1.0000000713819609E-004
   1.0000000449199138E-004
   1.0000000244080647E-004
   1.0000000101672980E-004
   1.0000000014062826E-004
   9.9999992545918721E-005
   9.9999994687254630E-005
   9.9999999995527820E-005
   1.0000000076597594E-004
   1.0000000206756260E-004
   1.0000000398494300E-004
   1.0000000648360081E-004
   1.0000000938853284E-004
   1.0000001237137526E-004
   1.0000001504838449E-004
   1.0000001705921777E-004
   1.0000001814679901E-004
   1.0000001818383532E-004
   1.0000001716859478E-004
   1.0000001521993262E-004
   1.0000001258189483E-004
   1.0000000961240638E-004
   1.0000000670222817E-004
   1.0000000418072757E-004
   1.0000000223264859E-004
   1.0000000088420144E-004
   1.0000000005402817E-004
   9.9999991973445716E-005
   9.9999994964428558E-005
   9.9999999907039359E-005
   1.0000000057101420E-004
   1.0000000170348970E-004
   1.0000000339379468E-004
   1.0000000561383246E-004
   1.0000000820650476E-004
   1.0000001088239361E-004
   1.0000001330158786E-004
   1.0000001512687884E-004
   1.0000001612807037E-004
   1.0000001618133002E-004
   1.0000001527640626E-004
   1.0000001352364304E-004
   1.0000001114209655E-004
   1.0000000846154916E-004
   1.0000000582957690E-004
   1.0000000354585506E-004
   1.0000000178393847E-004
   1.0000000056986458E-004
   9.9999999828523457E-005
   9.9999991006356312E-005
   9.9999995190186650E-005
   9.9999999783544516E-005
   1.0000000030506028E-004
   1.0000000124222172E-004
   1.0000000266428695E-004
   1.0000000455589348E-004
   1.0000000678425751E-004
   1.0000000910690732E-004
   1.0000001122053286E-004
   1.0000001283745785E-004
   1.0000001373685629E-004
   1.0000001380394681E-004
   1.0000001302675419E-004
   1.0000001150005689E-004
   1.0000000942491378E-004
   1.0000000707079720E-004
   1.0000000476402205E-004
   1.0000000275507603E-004
   1.0000000120410133E-004
   1.0000000014098816E-004
   9.9999999505782071E-005
   9.9999989649678141E-005
   9.9999995356098029E-005
   9.9999999634735220E-005
   1.0000000002851237E-004
   1.0000000076857507E-004
   1.0000000192977301E-004
   1.0000000351176387E-004
   1.0000000539916528E-004
   1.0000000739782895E-004
   1.0000000923337892E-004
   1.0000001065746117E-004
   1.0000001146859127E-004
   1.0000001155335245E-004
   1.0000001090083571E-004
   1.0000000958824504E-004
   1.0000000778710614E-004
   1.0000000574784681E-004
   1.0000000372958320E-004
   1.0000000197449558E-004
   1.0000000061554007E-004
   9.9999999686506999E-005
   9.9999999139448263E-005
   9.9999988041380607E-005
   9.9999995491093871E-005
   9.9999999500634197E-005
   9.9999999771475937E-005
   1.0000000034580129E-004
   1.0000000128857410E-004
   1.0000000260578326E-004
   1.0000000421754280E-004
   1.0000000593909885E-004
   1.0000000755440398E-004
   1.0000000882434839E-004
   1.0000000957033269E-004
   1.0000000968368355E-004
   1.0000000913994992E-004
   1.0000000800667892E-004
   1.0000000643615637E-004
   1.0000000464426931E-004
   1.0000000286926881E-004
   1.0000000131423382E-004
   1.0000000010281804E-004
   9.9999999278034982E-005
   9.9999998802964533E-005
   9.9999986388981754E-005
   9.9999995649124957E-005
   9.9999999392186075E-005
   9.9999999569983346E-005
   1.0000000000584341E-004
   1.0000000077204397E-004
   1.0000000187783143E-004
   1.0000000325305575E-004
   1.0000000475486724E-004
   1.0000000618489201E-004
   1.0000000733183664E-004
   1.0000000803201798E-004
   1.0000000817220084E-004
   1.0000000772658492E-004
   1.0000000674651393E-004
   1.0000000536817589E-004
   1.0000000378128551E-004
   1.0000000219956511E-004
   1.0000000080506792E-004
   9.9999999711529748E-005
   9.9999998966326343E-005
   9.9999998533790201E-005
   9.9999984898143242E-005
   9.9999995853117853E-005
   9.9999999333095878E-005
   9.9999999433394947E-005
   9.9999999760528368E-005
   1.0000000037387288E-004
   1.0000000129019822E-004
   1.0000000245873584E-004
   1.0000000375206995E-004
   1.0000000500083826E-004
   1.0000000603528930E-004
   1.0000000668309320E-004
   1.0000000685190498E-004
   1.0000000649399742E-004
   1.0000000565660960E-004
   1.0000000445293556E-004
   1.0000000305633030E-004
   1.0000000165416276E-004
   1.0000000040909866E-004
   9.9999999430113202E-005
   9.9999998745909369E-005
   9.9999998349620776E-005
   9.9999983689990008E-005
   9.9999996099048191E-005
   9.9999999313635547E-005
   9.9999999358317836E-005
   9.9999999592405663E-005
   1.0000000006764033E-004
   1.0000000080232081E-004
   1.0000000175350269E-004
   1.0000000282931142E-004
   1.0000000388574090E-004
   1.0000000477497195E-004
   1.0000000536294535E-004
   1.0000000553824115E-004
   1.0000000526662385E-004
   1.0000000456628055E-004
   1.0000000354497236E-004
   1.0000000235252637E-004
   1.0000000114335962E-004
   1.0000000006001171E-004
   9.9999999194716837E-005
   9.9999998587424531E-005
   9.9999998231319710E-005
   9.9999982800622259E-005
   9.9999996343370142E-005
   9.9999999328602239E-005
   9.9999999330611307E-005
   9.9999999477363478E-005
   9.9999999822643381E-005
   1.0000000037231700E-004
   1.0000000110440799E-004
   1.0000000193889028E-004
   1.0000000277766105E-004
   1.0000000350152370E-004
   1.0000000399091001E-004
   1.0000000416037050E-004
   1.0000000395445054E-004
   1.0000000340168673E-004
   1.0000000257505502E-004
   1.0000000159592067E-004
   1.0000000060107646E-004
   9.9999999696813045E-005
   9.9999998968921557E-005
   9.9999998448567655E-005
   9.9999998134616221E-005
   9.9999982205284705E-005
   9.9999996545240333E-005
   9.9999999356828332E-005
   9.9999999324961841E-005
   9.9999999399873055E-005
   9.9999999623164073E-005
   9.9999999997587465E-005
   1.0000000050569197E-004
   1.0000000110666613E-004
   1.0000000171960218E-004
   1.0000000225341079E-004
   1.0000000262718735E-004
   1.0000000276317931E-004
   1.0000000261716922E-004
   1.0000000219520206E-004
   1.0000000156231816E-004
   1.0000000080656172E-004
   1.0000000002493180E-004
   9.9999999308017523E-005
   9.9999998723256225E-005
   9.9999998297037581E-005
   9.9999998048259356E-005
   9.9999981882591498E-005
   9.9999996681739882E-005
   9.9999999388553917E-005
   9.9999999331722600E-005
   9.9999999346717740E-005
   9.9999999462926811E-005
   9.9999999686282271E-005
   1.0000000000659424E-004
   1.0000000038958416E-004
   1.0000000078692450E-004
   1.0000000114586921E-004
   1.0000000139435683E-004
   1.0000000148092713E-004
   1.0000000137041817E-004
   1.0000000106991209E-004
   1.0000000060962039E-004
   1.0000000005588774E-004
   9.9999999471403185E-005
   9.9999998927076029E-005
   9.9999998470720155E-005
   9.9999998151364950E-005
   9.9999997967144675E-005
   9.9999981838292027E-005
   9.9999996767894382E-005
   9.9999999414775197E-005
   9.9999999341091476E-005
   9.9999999319982968E-005
   9.9999999353439156E-005
   9.9999999458794686E-005
   9.9999999626180065E-005
   9.9999999843074927E-005
   1.0000000007071038E-004
   1.0000000027135075E-004
   1.0000000040974967E-004
   1.0000000044655476E-004
   1.0000000036174508E-004
   1.0000000014721948E-004
   9.9999999830691807E-005
   9.9999999435368818E-005
   9.9999999011162494E-005
   9.9999998604277031E-005
   9.9999998270256703E-005
   9.9999998033810329E-005
   9.9999997920859651E-005
   9.9999982094315095E-005
   9.9999921533696834E-005
   9.9999993580341919E-005
   9.9999992871770642E-005
   9.9999992223566645E-005
   9.9999991658175229E-005
   9.9999991206090611E-005
   9.9999990862212798E-005
   9.9999990591503332E-005
   9.9999990337538839E-005
   9.9999990040636823E-005
   9.9999989657143998E-005
   9.9999989158536156E-005
   9.9999988519552133E-005
   9.9999987713923308E-005
   9.9999986725902838E-005
   9.9999985578488128E-005
   9.9999984360206630E-005
   9.9999983226986566E-005
   9.9999982358577123E-005
   9.9999981912932489E-005
   9.9999981947983567E-005
   9.9999790293268140E-005
